sample_id,fov_id,annotator,country,tags
KIT-62500670,1,E. Chu,Tanzania,Monolayer
KIT-62500670,4,E. Chu,Tanzania,Monolayer
KIT-62500670,8,E. Chu,Tanzania,Monolayer
KIT-62500670,12,E. Chu,Tanzania,"Monolayer, Overexposed"
KIT-62500670,16,E. Chu,Tanzania,"Slightly Dense, Slight Rouleaux"
KIT-62500670,19,E. Chu,Tanzania,Overexposed
KIT-62500670,20,E. Chu,Tanzania,"Monolayer, Overexposed"
KIT-62500670,24,E. Chu,Tanzania,"Dense, Some Rouleaux"
KIT-62500670,28,E. Chu,Tanzania,"Dense, Rouleaux, Some Rouleaux"
KIT-62500670,30,E. Chu,Tanzania,Overexposed
KIT-62500670,31,E. Chu,Tanzania,"Slightly Dense, Rouleaux, Overexposed"
KIT-62500670,32,E. Chu,Tanzania,"Few cells, Rouleaux"
KIT-62500670,36,E. Chu,Tanzania,No cells
KIT-62500670,40,E. Chu,Tanzania,"Slightly Dense, Slight Rouleaux"
KIT-62500670,44,E. Chu,Tanzania,"Dense, Some Rouleaux"
KIT-62500670,48,E. Chu,Tanzania,"Dense, Rouleaux"
KIT-62500670,49,E. Chu,Tanzania,Overexposed
KIT-62500670,53,E. Chu,Tanzania,No cells
KIT-62500670,56,E. Chu,Tanzania,Monolayer
KIT-62500670,60,E. Chu,Tanzania,"Slightly Dense, Slight Rouleaux"
KIT-62500670,64,E. Chu,Tanzania,"Dense, Rouleaux, Some Rouleaux"
KIT-62500670,68,E. Chu,Tanzania,"Few cells, Rouleaux"
KIT-62500670,72,E. Chu,Tanzania,No cells
KIT-62500670,76,E. Chu,Tanzania,"Slightly Dense, Slight Rouleaux"
KIT-62500670,80,E. Chu,Tanzania,"Slightly Dense, Some Rouleaux"
KIT-62500670,84,E. Chu,Tanzania,"Dense, Rouleaux"
KIT-62500670,88,E. Chu,Tanzania,No cells
KIT-62500670,92,E. Chu,Tanzania,"Monolayer, Overexposed"
KIT-62500670,96,E. Chu,Tanzania,"Slightly Dense, Some Rouleaux"
KIT-62500670,100,E. Chu,Tanzania,"Dense, Rouleaux"
KIT-62500670,104,E. Chu,Tanzania,"Sparser, Rouleaux"
KIT-62500670,108,E. Chu,Tanzania,No cells
KIT-62500670,112,E. Chu,Tanzania,"Slightly Dense, Slight Rouleaux"
KIT-62500670,116,E. Chu,Tanzania,"Dense, Rouleaux"
KIT-62500670,120,E. Chu,Tanzania,"Very Dense, Heavy Rouleaux"
KIT-62500670,123,E. Chu,Tanzania,No cells
KIT-62500670,127,E. Chu,Tanzania,Overexposed
KIT-62500670,128,E. Chu,Tanzania,"Slightly Dense, Slight Rouleaux, Overexposed"
KIT-62500670,132,E. Chu,Tanzania,"Slightly Dense, Some Rouleaux"
KIT-62500670,136,E. Chu,Tanzania,"Dense, Rouleaux"
KIT-62500670,140,E. Chu,Tanzania,"Sparser, Rouleaux"
KIT-62500670,145,E. Chu,Tanzania,"Slightly Dense, Slight Rouleaux"
KIT-62500670,148,E. Chu,Tanzania,"Slightly Dense, Slight Rouleaux"
KIT-62500670,152,E. Chu,Tanzania,"Dense, Rouleaux, Some Rouleaux"
KIT-62500670,156,E. Chu,Tanzania,"Slightly Dense, Rouleaux"
KIT-62500670,160,E. Chu,Tanzania,No cells
KIT-62500670,164,E. Chu,Tanzania,"Slightly Dense, Slight Rouleaux"
KIT-62500670,168,E. Chu,Tanzania,"Slightly Dense, Some Rouleaux"
KIT-62500670,172,E. Chu,Tanzania,"Dense, Rouleaux"
KIT-62500670,176,E. Chu,Tanzania,Few cells
KIT-62500670,180,E. Chu,Tanzania,No cells
KIT-62500670,184,E. Chu,Tanzania,"Slightly Dense, Slight Rouleaux, Overexposed"
KIT-62500670,185,E. Chu,Tanzania,Overexposed
KIT-62500670,186,E. Chu,Tanzania,Overexposed
KIT-62500670,187,E. Chu,Tanzania,Overexposed
KIT-62500670,188,E. Chu,Tanzania,"Dense, Rouleaux, Some Rouleaux"
KIT-62500670,192,E. Chu,Tanzania,"Slightly Dense, Rouleaux"
KIT-62500670,196,E. Chu,Tanzania,No cells
KIT-62500670,200,E. Chu,Tanzania,"Monolayer, Slight Rouleaux, Overexposed"
KIT-62500670,202,E. Chu,Tanzania,Overexposed
KIT-62500670,203,E. Chu,Tanzania,Overexposed
KIT-62500670,204,E. Chu,Tanzania,"Slightly Dense, Some Rouleaux, Overexposed"
KIT-62500670,205,E. Chu,Tanzania,Overexposed
KIT-62500670,208,E. Chu,Tanzania,"Slightly Dense, Some Rouleaux"
KIT-62500670,212,E. Chu,Tanzania,"Sparser, Heavy Rouleaux"
KIT-62500670,218,E. Chu,Tanzania,"Slightly Dense, Slight Rouleaux"
KIT-62500670,220,E. Chu,Tanzania,"Slightly Dense, Slight Rouleaux"
KIT-62500670,223,E. Chu,Tanzania,Overexposed
KIT-62500670,224,E. Chu,Tanzania,"Slightly Dense, Some Rouleaux"
KIT-62500670,228,E. Chu,Tanzania,"Dense, Heavy Rouleaux"
KIT-62500670,235,E. Chu,Tanzania,Monolayer
KIT-62500670,236,E. Chu,Tanzania,"Slightly Dense, Slight Rouleaux"
KIT-62500670,238,E. Chu,Tanzania,Overexposed
KIT-62500670,239,E. Chu,Tanzania,Overexposed
KIT-62500670,240,E. Chu,Tanzania,"Slightly Dense, Slight Rouleaux, Overexposed"
KIT-62500670,244,E. Chu,Tanzania,"Dense, Some Rouleaux"
KIT-62500670,248,E. Chu,Tanzania,Few cells
KIT-62500670,253,E. Chu,Tanzania,Monolayer
KIT-62500670,256,E. Chu,Tanzania,"Slightly Dense, Slight Rouleaux"
KIT-62500670,260,E. Chu,Tanzania,"Slightly Dense, Slight Rouleaux"
KIT-62500670,264,E. Chu,Tanzania,"Dense, Some Rouleaux"
KIT-62500670,269,E. Chu,Tanzania,No cells
KIT-62500670,272,E. Chu,Tanzania,Monolayer
KIT-62500670,275,E. Chu,Tanzania,Overexposed
KIT-62500670,276,E. Chu,Tanzania,"Slightly Dense, Slight Rouleaux"
KIT-62500670,280,E. Chu,Tanzania,"Slightly Dense, Some Rouleaux"
KIT-62500670,284,E. Chu,Tanzania,Few cells
KIT-62500670,288,E. Chu,Tanzania,No cells
KIT-62500670,292,E. Chu,Tanzania,Monolayer
KIT-62500670,296,E. Chu,Tanzania,"Slightly Dense, Slight Rouleaux"
KIT-62500670,300,E. Chu,Tanzania,"Dense, Some Rouleaux"
KIT-62500670,304,E. Chu,Tanzania,No cells
KIT-62500670,308,E. Chu,Tanzania,Monolayer
KIT-62500670,312,E. Chu,Tanzania,"Slightly Dense, Slight Rouleaux, Overexposed"
KIT-62500670,316,E. Chu,Tanzania,"Slightly Dense, Some Rouleaux"
KIT-62500670,319,E. Chu,Tanzania,"Slightly Dense, Some Rouleaux"
KIT-62500670,324,E. Chu,Tanzania,No cells