slide_id,source,metric,model_version,n_fovs_on_slide,baseline_mean,baseline_std,baseline_median,baseline_mad,flags,no_data_reason
KIT-62500666,tz_detection,n_spots_detected,v8_hardneg_single_t0.995,324,79.343,49.084,62.5,30.3933,mean_median_divergence,
KIT-62500668,tz_detection,n_spots_detected,v8_hardneg_single_t0.995,324,135.537,64.367,121.0,59.304,,
KIT-62500670,tz_detection,n_spots_detected,v8_hardneg_single_t0.995,324,584.88,970.457,163.5,131.2101,mean_median_divergence,
KIT-62500672,annotation_bucket,n_spots_detected,,324,87.231,31.083,84.0,25.2042,,
KIT-62500679,annotation_bucket,n_spots_detected,,324,143.04,36.498,137.0,34.0998,,
KIT-62500680,annotation_bucket,n_spots_detected,,324,107.219,55.189,97.5,54.1149,,
KIT-62500684,annotation_bucket,n_spots_detected,,324,108.864,47.973,102.0,40.7715,,
KIT-62500686,annotation_bucket,n_spots_detected,,324,180.426,228.31,163.5,41.5128,,
KIT-62500687,annotation_bucket,n_spots_detected,,324,193.5,68.652,177.0,72.6474,,
KIT-62500689,annotation_bucket,n_spots_detected,,324,131.698,45.565,133.5,45.2193,,
KIT-62500690,annotation_bucket,n_spots_detected,,324,311.673,289.306,189.0,63.7518,mean_median_divergence,
KIT-62500691,annotation_bucket,n_spots_detected,,324,123.577,62.598,114.0,59.304,,
KIT-62500693,annotation_bucket,n_spots_detected,,324,127.83,51.695,116.5,34.8411,,
KIT-62500696,annotation_bucket,n_spots_detected,,324,261.049,130.447,215.0,94.8864,,
KIT-62500700,annotation_bucket,n_spots_detected,,324,220.043,101.826,186.5,50.4084,,
KIT-62500703,annotation_bucket,n_spots_detected,,324,377.744,96.132,360.0,78.5778,,
KIT-62500704,annotation_bucket,n_spots_detected,,324,275.114,99.941,271.0,87.4734,,
KIT-62500705,annotation_bucket,n_spots_detected,,324,375.833,83.045,378.0,84.5082,,
KIT-62500706,annotation_bucket,n_spots_detected,,324,311.938,93.395,290.0,89.6973,,
KIT-62500708,annotation_bucket,n_spots_detected,,324,210.244,70.02,191.5,39.2889,,
KIT-62500722,annotation_bucket,n_spots_detected,,324,476.154,89.278,464.0,69.6822,,
KIT-62500724,annotation_bucket,n_spots_detected,,324,269.071,104.345,245.0,94.1451,,
KIT-62500727,annotation_bucket,n_spots_detected,,324,314.781,294.076,264.0,97.8516,,
KIT-62500731,annotation_bucket,n_spots_detected,,324,271.127,151.828,260.0,82.2843,,
KIT-62500732,annotation_bucket,n_spots_detected,,324,614.917,383.848,490.5,198.6684,mean_median_divergence,
KIT-62500733,annotation_bucket,n_spots_detected,,324,161.361,64.482,150.0,45.9606,,
KIT-62500735,annotation_bucket,n_spots_detected,,324,153.238,52.771,146.5,39.2889,,
KIT-62500739,annotation_bucket,n_spots_detected,,324,318.602,429.882,271.0,54.8562,,
KIT-62500740,annotation_bucket,n_spots_detected,,324,339.91,158.425,315.0,121.5732,,
KIT-62500741,annotation_bucket,n_spots_detected,,324,283.105,86.839,277.0,71.1648,,
KIT-62500742,annotation_bucket,n_spots_detected,,324,256.83,68.077,248.5,51.1497,,
KIT-62500744,annotation_bucket,n_spots_detected,,324,413.426,161.108,397.0,114.9015,,
KIT-62500745,annotation_bucket,n_spots_detected,,324,1220.735,529.42,1251.0,555.975,,
KIT-62500746,annotation_bucket,n_spots_detected,,324,439.13,210.091,376.5,148.26,,
KIT-62500750,annotation_bucket,n_spots_detected,,324,241.142,63.71,229.0,53.3736,,
KIT-62500762,annotation_bucket,n_spots_detected,,324,179.954,60.319,170.0,40.0302,,
KIT-62500763,annotation_bucket,n_spots_detected,,324,836.321,274.935,805.0,234.2508,,
KIT-62500818,annotation_bucket,n_spots_detected,,324,176.63,82.901,168.5,86.7321,,
KIT-62500833,annotation_bucket,n_spots_detected,,324,244.324,211.187,201.0,64.4931,,
KIT-62500834,annotation_bucket,n_spots_detected,,324,170.815,136.508,154.0,81.543,,
KIT-62500839,annotation_bucket,n_spots_detected,,324,243.352,426.601,210.0,60.7866,,
KIT-62500840,annotation_bucket,n_spots_detected,,324,172.941,37.39,171.0,38.5476,,
KIT-62500843,annotation_bucket,n_spots_detected,,324,200.673,61.61,194.0,58.5627,,
KIT-62500883,annotation_bucket,n_spots_detected,,324,252.593,124.431,221.5,46.7019,,
KIT-62500886,annotation_bucket,n_spots_detected,,324,252.417,102.389,230.0,48.1845,,
KIT-62500893,annotation_bucket,n_spots_detected,,324,308.639,66.948,305.0,57.0801,,
KIT-62500895,annotation_bucket,n_spots_detected,,324,205.16,60.032,201.5,60.0453,,
KIT-62500896,annotation_bucket,n_spots_detected,,324,233.941,37.375,230.0,35.5824,,
KIT-62500900,annotation_bucket,n_spots_detected,,324,137.917,36.048,136.0,34.0998,,
KIT-62500901,annotation_bucket,n_spots_detected,,324,205.432,46.635,203.0,41.5128,,
KIT-62500905,annotation_bucket,n_spots_detected,,324,142.364,42.482,137.0,36.3237,,
KIT-62500906,annotation_bucket,n_spots_detected,,324,221.599,59.576,215.5,51.891,,
KIT-62500907,annotation_bucket,n_spots_detected,,324,92.083,36.485,87.0,31.8759,,
KIT-62500910,annotation_bucket,n_spots_detected,,324,178.877,80.781,158.0,59.304,,
KIT-62500912,annotation_bucket,n_spots_detected,,324,152.79,38.022,146.5,25.9455,,
KIT-62500913,annotation_bucket,n_spots_detected,,324,247.367,60.455,240.0,52.6323,,
KIT-62500916,annotation_bucket,n_spots_detected,,324,309.512,70.763,308.0,66.717,,
KIT-62500917,annotation_bucket,n_spots_detected,,324,276.762,96.222,262.0,89.6973,,
KIT-62500919,annotation_bucket,n_spots_detected,,324,103.648,43.389,99.5,40.7715,,
KIT-62500920,annotation_bucket,n_spots_detected,,324,149.932,38.08,145.0,29.652,,
KIT-62500923,annotation_bucket,n_spots_detected,,324,298.543,96.096,310.0,105.2646,,
KIT-62500926,annotation_bucket,n_spots_detected,,324,112.744,166.263,93.5,33.3585,,
KIT-62500927,annotation_bucket,n_spots_detected,,324,194.731,58.384,190.0,58.5627,,
KIT-62500932,annotation_bucket,n_spots_detected,,324,221.787,49.582,219.0,44.478,,
KIT-62501031,tz_detection,n_spots_detected,v8_hardneg_single_t0.995,324,157.704,43.502,152.0,44.478,,
KIT-62501034,tz_detection,n_spots_detected,v8_hardneg_single_t0.995,324,274.318,62.237,269.0,66.717,,
KIT-62501035,tz_detection,n_spots_detected,v8_hardneg_single_t0.995,324,173.312,262.263,149.0,45.2193,,
KIT-62501038,tz_detection,n_spots_detected,v8_hardneg_single_t0.995,324,125.028,40.801,120.0,40.0302,,
KIT-62501040,tz_detection,n_spots_detected,v8_hardneg_single_t0.995,324,184.302,216.121,172.0,56.3388,,
KIT-62501041,tz_detection,n_spots_detected,v8_hardneg_single_t0.995,324,216.568,95.607,201.5,53.3736,,
KIT-62501042,tz_detection,n_spots_detected,v8_hardneg_single_t0.995,324,186.972,94.131,169.5,57.0801,,
KIT-62501043,tz_detection,n_spots_detected,v8_hardneg_single_t0.995,324,145.407,235.074,116.5,48.1845,,
KIT-62501047,tz_detection,n_spots_detected,v8_hardneg_single_t0.995,324,114.747,43.725,107.0,34.8411,,
KIT-62501048,tz_detection,n_spots_detected,v8_hardneg_single_t0.995,324,212.275,87.781,202.0,50.4084,,
KIT-62501049,tz_detection,n_spots_detected,v8_hardneg_single_t0.995,324,182.407,68.93,175.5,54.8562,,
KIT-62501050,tz_detection,n_spots_detected,v8_hardneg_single_t0.995,324,155.71,52.142,152.5,57.8214,,
KIT-62501052,tz_detection,n_spots_detected,v8_hardneg_single_t0.995,324,188.617,61.782,194.0,69.6822,,
KIT-62501053,tz_detection,n_spots_detected,v8_hardneg_single_t0.995,324,414.685,142.728,418.0,136.3992,,
KIT-62501054,tz_detection,n_spots_detected,v8_hardneg_single_t0.995,324,200.812,67.471,205.5,63.7518,,
KIT-62501056,tz_detection,n_spots_detected,v8_hardneg_single_t0.995,324,106.191,40.16,98.0,37.065,,
KIT-62501057,tz_detection,n_spots_detected,v8_hardneg_single_t0.995,324,151.006,46.554,148.0,45.9606,,
KIT-62501058,tz_detection,n_spots_detected,v8_hardneg_single_t0.995,324,105.84,42.621,98.0,31.1346,,
KIT-62501059,tz_detection,n_spots_detected,v8_hardneg_single_t0.995,324,137.972,79.53,129.0,39.2889,,
KIT-62501062,tz_detection,n_spots_detected,v8_hardneg_single_t0.995,324,151.472,82.913,129.0,77.0952,,
KIT-62501067,tz_detection,n_spots_detected,v8_hardneg_single_t0.995,324,101.855,60.887,91.0,48.9258,,
KIT-62501069,tz_detection,n_spots_detected,v8_hardneg_single_t0.995,324,104.364,95.675,94.5,28.1694,,
KIT-62501070,tz_detection,n_spots_detected,v8_hardneg_single_t0.995,324,104.42,468.785,57.5,31.1346,mean_median_divergence,
KIT-62501072,tz_detection,n_spots_detected,v8_hardneg_single_t0.995,324,124.469,52.051,116.5,40.7715,,
KIT-62501075,tz_detection,n_spots_detected,v8_hardneg_single_t0.995,324,113.315,54.027,99.5,45.2193,,
KIT-62501077,tz_detection,n_spots_detected,v8_hardneg_single_t0.995,324,88.66,34.891,80.5,31.1346,,
KIT-62501081,tz_detection,n_spots_detected,v8_hardneg_single_t0.995,324,95.586,172.801,74.5,43.7367,mean_median_divergence,
KIT-62501083,tz_detection,n_spots_detected,v8_hardneg_single_t0.995,324,135.068,51.485,131.0,38.5476,,
KIT-62501087,tz_detection,n_spots_detected,v8_hardneg_single_t0.995,324,92.003,540.212,40.0,22.239,mean_median_divergence,
KIT-62501089,tz_detection,n_spots_detected,v8_hardneg_single_t0.995,324,86.849,52.337,71.0,37.065,,
KIT-62501090,tz_detection,n_spots_detected,v8_hardneg_single_t0.995,324,123.552,77.336,114.0,37.8063,,
KIT-62501093,tz_detection,n_spots_detected,v8_hardneg_single_t0.995,324,176.306,105.49,162.0,77.0952,,
KIT-62501095,tz_detection,n_spots_detected,v8_hardneg_single_t0.995,324,105.176,51.041,98.0,50.4084,,
KIT-62501100,tz_detection,n_spots_detected,v8_hardneg_single_t0.995,324,90.846,73.567,72.0,26.6868,mean_median_divergence,
KIT-62501104,tz_detection,n_spots_detected,v8_hardneg_single_t0.995,324,60.935,34.94,56.5,25.9455,,
KIT-62501107,tz_detection,n_spots_detected,v8_hardneg_single_t0.995,324,84.256,55.563,74.0,31.1346,,
KIT-62501111,tz_detection,n_spots_detected,v8_hardneg_single_t0.995,324,154.003,63.521,138.5,55.5975,,
KIT-62501112,tz_detection,n_spots_detected,v8_hardneg_single_t0.995,324,127.346,51.369,122.0,37.065,,
KIT-62501113,tz_detection,n_spots_detected,v8_hardneg_single_t0.995,324,80.997,46.794,72.0,31.1346,,
KIT-62501288,tz_detection,n_spots_detected,v8_hardneg_single_t0.995,324,232.105,138.597,203.0,75.6126,,
KTR-72502701,tz_detection,n_spots_detected,v8_hardneg_single_t0.995,324,68.917,48.634,57.0,23.7216,,
KTR-72502705,tz_detection,n_spots_detected,v8_hardneg_single_t0.995,324,88.796,40.786,82.5,31.8759,,
KTR-72502708,tz_detection,n_spots_detected,v8_hardneg_single_t0.995,324,80.688,32.348,73.0,26.6868,,
KTR-72502717,tz_detection,n_spots_detected,v8_hardneg_single_t0.995,324,89.58,545.336,48.0,23.7216,mean_median_divergence,
KTR-72502720,tz_detection,n_spots_detected,v8_hardneg_single_t0.995,324,81.241,33.351,79.0,31.1346,,
KTR-72502722,tz_detection,n_spots_detected,v8_hardneg_single_t0.995,324,124.019,45.053,121.5,40.7715,,
KTR-72502723,tz_detection,n_spots_detected,v8_hardneg_single_t0.995,324,88.802,109.537,76.5,43.7367,,
KTR-72502725,tz_detection,n_spots_detected,v8_hardneg_single_t0.995,324,124.475,49.529,116.0,48.9258,,
KTR-72502734,tz_detection,n_spots_detected,v8_hardneg_single_t0.995,324,117.13,44.836,112.5,39.2889,,
KTR-72502740,annotation_bucket,n_spots_detected,,324,132.321,59.796,119.5,52.6323,,
KTR-72502749,annotation_bucket,n_spots_detected,,324,111.105,48.09,102.0,40.0302,,
KTR-72502764,annotation_bucket,n_spots_detected,,324,110.049,55.615,98.0,47.4432,,
KTR-72502891,annotation_bucket,n_spots_detected,,324,110.821,38.773,107.0,38.5476,,
KTR-72502895,annotation_bucket,n_spots_detected,,324,102.071,65.514,84.0,44.478,,
KTR-72502907,annotation_bucket,n_spots_detected,,324,153.435,68.705,142.0,67.4583,,
KTR-72502931,annotation_bucket,n_spots_detected,,324,109.849,55.558,115.0,50.4084,,
KTR-72502934,annotation_bucket,n_spots_detected,,324,94.185,96.322,87.0,26.6868,,
KTR-72502935,annotation_bucket,n_spots_detected,,324,144.235,73.273,124.0,57.0801,,
KTR-72502937,annotation_bucket,n_spots_detected,,324,98.978,42.057,95.0,42.9954,,
KTR-72502942,annotation_bucket,n_spots_detected,,324,130.429,47.669,127.0,50.4084,,
KTR-72502943,annotation_bucket,n_spots_detected,,324,138.63,42.325,131.0,36.3237,,
KTR-72502944,annotation_bucket,n_spots_detected,,324,116.966,75.522,109.0,71.9061,,
KTR-72502947,annotation_bucket,n_spots_detected,,324,110.861,38.003,105.0,34.0998,,
KTR-72502948,annotation_bucket,n_spots_detected,,324,114.346,30.775,112.0,32.6172,,
KTR-72502949,annotation_bucket,n_spots_detected,,324,131.364,43.241,127.5,40.7715,,
KTR-72502954,annotation_bucket,n_spots_detected,,324,78.222,27.501,73.0,25.2042,,
KTR-72502955,annotation_bucket,n_spots_detected,,324,71.778,27.628,69.0,25.2042,,
KTR-72502960,annotation_bucket,n_spots_detected,,324,89.938,33.195,85.0,29.652,,
KTR-72502963,annotation_bucket,n_spots_detected,,324,117.537,62.138,112.0,35.5824,,
NKR-72502127,tz_detection,n_spots_detected,v8_hardneg_single_t0.995,324,81.302,67.668,66.5,27.4281,,
NKR-72502137,tz_detection,n_spots_detected,v8_hardneg_single_t0.995,324,104,36.002,100.0,35.5824,,
NKR-72502142,tz_detection,n_spots_detected,v8_hardneg_single_t0.995,324,107.682,42.509,103.0,32.6172,,
NKR-72502165,tz_detection,n_spots_detected,v8_hardneg_single_t0.995,324,72.688,30.84,68.0,28.1694,,
NKR-72502166,tz_detection,n_spots_detected,v8_hardneg_single_t0.995,324,226.037,355.448,131.5,60.7866,mean_median_divergence,
NKR-72502171,tz_detection,n_spots_detected,v8_hardneg_single_t0.995,324,111.059,93.735,69.0,40.0302,mean_median_divergence,
NKR-72502175,tz_detection,n_spots_detected,v8_hardneg_single_t0.995,324,199.96,95.584,169.0,53.3736,,
NKR-72502177,tz_detection,n_spots_detected,v8_hardneg_single_t0.995,324,45.37,20.777,42.0,17.7912,,
NKR-72502181,tz_detection,n_spots_detected,v8_hardneg_single_t0.995,324,81.71,44.631,70.0,29.652,,
NKR-72502186,tz_detection,n_spots_detected,v8_hardneg_single_t0.995,324,45.127,19.03,42.0,16.3086,,
NKR-72502187,tz_detection,n_spots_detected,v8_hardneg_single_t0.995,324,227.5,151.905,191.0,127.5036,,
NKR-72502209,tz_detection,n_spots_detected,v8_hardneg_single_t0.995,324,86.577,53.277,75.5,34.8411,,
NKR-72502221,tz_detection,n_spots_detected,v8_hardneg_single_t0.995,324,45.278,52.431,35.0,20.7564,mean_median_divergence,
NKR-72502224,tz_detection,n_spots_detected,v8_hardneg_single_t0.995,324,82.71,137.596,65.5,36.3237,mean_median_divergence,
NKR-72502225,annotation_bucket,n_spots_detected,,324,70.571,34.565,67.0,41.5128,,
NKR-72502227,annotation_bucket,n_spots_detected,,324,88.611,32.226,82.5,22.9803,,
NKR-72502228,annotation_bucket,n_spots_detected,,324,59.688,28.214,55.0,28.1694,,
NKR-72502230,tz_detection,n_spots_detected,v8_hardneg_single_t0.995,324,112.278,39.317,104.0,30.3933,,
NKR-72502233,tz_detection,n_spots_detected,v8_hardneg_single_t0.995,324,74.049,31.713,68.0,26.6868,,
NKR-72502235,tz_detection,n_spots_detected,v8_hardneg_single_t0.995,324,219.858,363.057,148.5,141.5883,mean_median_divergence,
NKR-72502244,tz_detection,n_spots_detected,v8_hardneg_single_t0.995,324,89.117,63.762,70.5,45.2193,mean_median_divergence,
NKR-72502297,tz_detection,n_spots_detected,v8_hardneg_single_t0.995,324,198.182,59.519,194.0,69.6822,,
NKR-72502298,tz_detection,n_spots_detected,v8_hardneg_single_t0.995,324,98.111,42.143,105.0,50.4084,,
NKR-72502299,tz_detection,n_spots_detected,v8_hardneg_single_t0.995,324,263.127,112.363,241.0,125.2797,,
NKR-72502307,tz_detection,n_spots_detected,v8_hardneg_single_t0.995,324,175.145,103.376,162.0,66.717,,
NKR-72502310,tz_detection,n_spots_detected,v8_hardneg_single_t0.995,324,61.944,32.956,53.0,25.2042,,
NKR-72502313,tz_detection,n_spots_detected,v8_hardneg_single_t0.995,324,124.309,38.798,119.0,37.065,,
NKR-72502314,tz_detection,n_spots_detected,v8_hardneg_single_t0.995,324,44.463,23.159,41.0,20.7564,,
NKR-72502319,tz_detection,n_spots_detected,v8_hardneg_single_t0.995,324,113.358,453.012,74.0,29.652,mean_median_divergence,
NKR-72502321,tz_detection,n_spots_detected,v8_hardneg_single_t0.995,324,96.716,46.694,91.0,42.9954,,
NKR-72502322,tz_detection,n_spots_detected,v8_hardneg_single_t0.995,324,56.262,30.978,49.0,28.9107,,
NKR-72502327,tz_detection,n_spots_detected,v8_hardneg_single_t0.995,324,62.457,32.64,55.0,28.1694,,
NKR-72502330,tz_detection,n_spots_detected,v8_hardneg_single_t0.995,324,170.429,87.375,142.5,76.3539,,
NKR-72502333,tz_detection,n_spots_detected,v8_hardneg_single_t0.995,324,87.244,31.06,81.5,30.3933,,
NKR-72502335,tz_detection,n_spots_detected,v8_hardneg_single_t0.995,324,60.188,55.024,40.0,23.7216,mean_median_divergence,
NKR-72502337,tz_detection,n_spots_detected,v8_hardneg_single_t0.995,324,62.509,28.127,59.0,26.6868,,
NKR-72502338,tz_detection,n_spots_detected,v8_hardneg_single_t0.995,324,124.636,77.104,110.0,80.0604,,
NKR-72502344,tz_detection,n_spots_detected,v8_hardneg_single_t0.995,324,75.398,40.755,66.0,34.0998,,
NKR-72502347,tz_detection,n_spots_detected,v8_hardneg_single_t0.995,324,152.673,63.469,151.5,64.4931,,
NKR-72502348,tz_detection,n_spots_detected,v8_hardneg_single_t0.995,324,95.364,56.202,86.0,49.6671,,
NKR-72502353,tz_detection,n_spots_detected,v8_hardneg_single_t0.995,324,77.904,36.111,72.0,35.5824,,
NKR-72502360,tz_detection,n_spots_detected,v8_hardneg_single_t0.995,324,209.256,495.425,137.0,117.1254,mean_median_divergence,
NKR-72502363,tz_detection,n_spots_detected,v8_hardneg_single_t0.995,324,107.895,58.315,99.0,50.4084,,
NKR-72502513,tz_detection,n_spots_detected,v8_hardneg_single_t0.995,324,71.88,228.451,56.0,22.239,mean_median_divergence,
NKR-72502533,tz_detection,n_spots_detected,v8_hardneg_single_t0.995,324,62.293,35.32,53.0,22.239,,
NKR-72502552,tz_detection,n_spots_detected,v8_hardneg_single_t0.995,324,55.444,25.207,55.5,27.4281,,
RUB-62501292,tz_detection,n_spots_detected,v8_hardneg_single_t0.995,324,100.136,57.085,92.5,49.6671,,
RUB-62501325,tz_detection,n_spots_detected,v8_hardneg_single_t0.995,324,145.685,45.536,139.0,43.7367,,
RUB-62501327,tz_detection,n_spots_detected,v8_hardneg_single_t0.995,324,161.994,62.399,155.5,48.1845,,
RUB-62501332,tz_detection,n_spots_detected,v8_hardneg_single_t0.995,324,221.096,154.081,213.5,48.1845,,
RUB-62501334,tz_detection,n_spots_detected,v8_hardneg_single_t0.995,324,164.481,53.822,162.0,60.7866,,
RUB-62501335,tz_detection,n_spots_detected,v8_hardneg_single_t0.995,324,162.975,108.85,149.5,41.5128,,
RUB-62501337,tz_detection,n_spots_detected,v8_hardneg_single_t0.995,324,182.049,81.984,179.0,74.8713,,
RUB-62501338,tz_detection,n_spots_detected,v8_hardneg_single_t0.995,324,200.256,360.272,150.5,73.3887,mean_median_divergence,
RUB-62501340,tz_detection,n_spots_detected,v8_hardneg_single_t0.995,324,118.929,49.862,110.0,41.5128,,
RUB-62501342,tz_detection,n_spots_detected,v8_hardneg_single_t0.995,324,139.549,48.38,139.0,48.1845,,
RUB-62501343,tz_detection,n_spots_detected,v8_hardneg_single_t0.995,324,225.269,128.31,181.5,86.7321,,
RUB-62501346,tz_detection,n_spots_detected,v8_hardneg_single_t0.995,324,193.596,140.51,162.5,79.3191,,
RUB-62501347,tz_detection,n_spots_detected,v8_hardneg_single_t0.995,324,359.244,154.49,333.0,117.8667,,
RUB-62501349,tz_detection,n_spots_detected,v8_hardneg_single_t0.995,324,303.787,191.499,259.0,102.2994,,
RUB-62501365,tz_detection,n_spots_detected,v8_hardneg_single_t0.995,324,144.765,64.578,136.5,73.3887,,
RUB-62501379,tz_detection,n_spots_detected,v8_hardneg_single_t0.995,324,92.488,36.136,89.0,40.0302,,
RUB-62501381,tz_detection,n_spots_detected,v8_hardneg_single_t0.995,324,171.244,54.545,165.0,52.6323,,
RUB-62501383,tz_detection,n_spots_detected,v8_hardneg_single_t0.995,324,172.08,63.672,161.0,54.8562,,
RUB-62501385,tz_detection,n_spots_detected,v8_hardneg_single_t0.995,324,72.981,54.954,61.0,31.1346,,
RUB-62501389,tz_detection,n_spots_detected,v8_hardneg_single_t0.995,324,144.123,628.929,89.0,42.9954,mean_median_divergence,
RUB-62501390,tz_detection,n_spots_detected,v8_hardneg_single_t0.995,324,94.441,50.629,84.0,53.3736,,
RUB-62501392,tz_detection,n_spots_detected,v8_hardneg_single_t0.995,323,59.851,28.226,55,25.2042,,
RUB-62501396,tz_detection,n_spots_detected,v8_hardneg_single_t0.995,324,64.657,26.457,60.0,21.4977,,
RUB-62501397,tz_detection,n_spots_detected,v8_hardneg_single_t0.995,324,177.719,74.922,162.0,69.6822,,
RUB-62501399,tz_detection,n_spots_detected,v8_hardneg_single_t0.995,324,82.386,44.335,81.0,40.0302,,
RUB-62501403,tz_detection,n_spots_detected,v8_hardneg_single_t0.995,324,49.225,277.229,20.0,13.3434,mean_median_divergence,
RUB-62501408,tz_detection,n_spots_detected,v8_hardneg_single_t0.995,324,188.429,66.495,181.5,63.0105,,
RUB-62501416,tz_detection,n_spots_detected,v8_hardneg_single_t0.995,324,121.75,195.089,101.0,66.717,,
RUB-62501418,tz_detection,n_spots_detected,v8_hardneg_single_t0.995,324,115.759,79.246,100.5,68.1996,,
RUB-62501419,tz_detection,n_spots_detected,v8_hardneg_single_t0.995,324,70.253,53.269,62.5,34.8411,,
RUB-62501424,tz_detection,n_spots_detected,v8_hardneg_single_t0.995,324,61.858,29.52,61.0,32.6172,,
RUB-62501426,tz_detection,n_spots_detected,v8_hardneg_single_t0.995,324,76.713,45.24,71.0,48.9258,,
RUB-62501429,tz_detection,n_spots_detected,v8_hardneg_single_t0.995,324,150.994,593.215,81.5,39.2889,mean_median_divergence,
RUB-62501430,tz_detection,n_spots_detected,v8_hardneg_single_t0.995,324,271.611,91.493,263.0,97.8516,,
RUB-62501433,tz_detection,n_spots_detected,v8_hardneg_single_t0.995,324,126.821,536.625,65.0,35.5824,mean_median_divergence,
RUB-62501464,tz_detection,n_spots_detected,v8_hardneg_single_t0.995,324,117.148,40.734,112.0,41.5128,,
RUB-62501466,tz_detection,n_spots_detected,v8_hardneg_single_t0.995,324,196.451,83.461,179.0,75.6126,,
RUB-62501467,tz_detection,n_spots_detected,v8_hardneg_single_t0.995,324,305.488,222.195,227.0,155.673,mean_median_divergence,
RUB-62501471,tz_detection,n_spots_detected,v8_hardneg_single_t0.995,324,187.386,149.993,154.5,144.5535,,
RUB-62501472,tz_detection,n_spots_detected,v8_hardneg_single_t0.995,324,146.892,108.838,137.0,48.9258,,
RUB-62501474,tz_detection,n_spots_detected,v8_hardneg_single_t0.995,324,285.904,155.565,250.0,115.6428,,
RUB-62501478,tz_detection,n_spots_detected,v8_hardneg_single_t0.995,324,163.762,104.543,141.0,105.2646,,
RUB-62501479,tz_detection,n_spots_detected,v8_hardneg_single_t0.995,324,89.333,38.048,84.5,33.3585,,
RUB-62501480,tz_detection,n_spots_detected,v8_hardneg_single_t0.995,324,115.806,48.934,110.5,37.8063,,
RUB-62501483,tz_detection,n_spots_detected,v8_hardneg_single_t0.995,324,119.043,59.856,107.5,51.1497,,
RUB-62501484,tz_detection,n_spots_detected,v8_hardneg_single_t0.995,324,70.46,39.119,61.0,31.1346,,
RUB-62501486,tz_detection,n_spots_detected,v8_hardneg_single_t0.995,324,58.21,43.853,49.0,28.1694,,
RUB-62501492,tz_detection,n_spots_detected,v8_hardneg_single_t0.995,324,47.401,146.447,34.0,17.0499,mean_median_divergence,
RUB-62501495,tz_detection,n_spots_detected,v8_hardneg_single_t0.995,324,55.966,50.867,48.0,28.1694,,
RUB-62501499,tz_detection,n_spots_detected,v8_hardneg_single_t0.995,324,167.213,73.426,163.0,66.717,,
RUB-62501512,tz_detection,n_spots_detected,v8_hardneg_single_t0.995,324,97.583,69.262,82.5,30.3933,,
RUB-62501515,tz_detection,n_spots_detected,v8_hardneg_single_t0.995,324,62.836,41.544,54.0,26.6868,,
RUB-62501517,tz_detection,n_spots_detected,v8_hardneg_single_t0.995,324,103.895,53.481,91.5,54.1149,,
RUB-62501518,tz_detection,n_spots_detected,v8_hardneg_single_t0.995,322,159.758,675.114,95.0,45.9606,mean_median_divergence,
RUB-62501519,tz_detection,n_spots_detected,v8_hardneg_single_t0.995,324,81.926,287.746,56.0,37.065,mean_median_divergence,
RUB-62501521,tz_detection,n_spots_detected,v8_hardneg_single_t0.995,324,74.028,28.586,69.0,24.4629,,
RUB-62501522,tz_detection,n_spots_detected,v8_hardneg_single_t0.995,324,99.302,39.554,94.0,34.0998,,
RUB-62501525,tz_detection,n_spots_detected,v8_hardneg_single_t0.995,324,69.512,52.403,59.0,29.652,,
RUB-62501526,tz_detection,n_spots_detected,v8_hardneg_single_t0.995,324,128.099,45.585,123.0,45.2193,,
RUB-62501527,tz_detection,n_spots_detected,v8_hardneg_single_t0.995,324,82.037,42.142,75.0,35.5824,,
RUB-62501529,tz_detection,n_spots_detected,v8_hardneg_single_t0.995,324,238.932,75.719,228.0,80.8017,,
RUB-62501533,tz_detection,n_spots_detected,v8_hardneg_single_t0.995,324,83.92,55.505,74.5,30.3933,,
RUB-62501535,tz_detection,n_spots_detected,v8_hardneg_single_t0.995,324,157.343,93.521,137.5,67.4583,,
RUB-62501539,tz_detection,n_spots_detected,v8_hardneg_single_t0.995,324,49.071,23.877,43.0,19.2738,,
RUB-62501541,tz_detection,n_spots_detected,v8_hardneg_single_t0.995,324,161.753,86.67,155.5,91.1799,,
RUB-62501575,tz_detection,n_spots_detected,v8_hardneg_single_t0.995,324,77.04,27.409,71.5,24.4629,,
RUB-72501730,tz_detection,n_spots_detected,v8_hardneg_single_t0.995,324,162.614,126.559,119.5,60.0453,mean_median_divergence,
RUB-72501735,tz_detection,n_spots_detected,v8_hardneg_single_t0.995,324,40.346,22.432,36.0,16.3086,,
RUB-72501737,tz_detection,n_spots_detected,v8_hardneg_single_t0.995,324,202.781,99.245,188.5,94.1451,,
RUB-72501739,tz_detection,n_spots_detected,v8_hardneg_single_t0.995,324,59.133,31.948,56.0,25.2042,,
RUB-72501743,tz_detection,n_spots_detected,v8_hardneg_single_t0.995,324,83.481,82.32,53.0,26.6868,mean_median_divergence,
RUB-72501749,tz_detection,n_spots_detected,v8_hardneg_single_t0.995,324,136.154,45.459,130.0,42.9954,,
RUB-72501750,tz_detection,n_spots_detected,v8_hardneg_single_t0.995,324,146.198,61.536,136.5,50.4084,,
RUB-72501751,tz_detection,n_spots_detected,v8_hardneg_single_t0.995,324,56.219,27.608,51.0,20.7564,,
RUB-72501752,tz_detection,n_spots_detected,v8_hardneg_single_t0.995,324,149.151,54.671,137.0,51.891,,
RUB-72501758,tz_detection,n_spots_detected,v8_hardneg_single_t0.995,324,123.164,65.899,111.0,51.1497,,
RUB-72501759,tz_detection,n_spots_detected,v8_hardneg_single_t0.995,322,89.112,287.285,57.0,32.6172,mean_median_divergence,
RUB-72501760,tz_detection,n_spots_detected,v8_hardneg_single_t0.995,324,301.475,442.197,246.0,82.2843,,
RUB-72501764,tz_detection,n_spots_detected,v8_hardneg_single_t0.995,324,131.765,46.409,124.5,42.2541,,
RUB-72501771,tz_detection,n_spots_detected,v8_hardneg_single_t0.995,324,153.077,87.496,132.0,81.543,,
RUB-72501776,tz_detection,n_spots_detected,v8_hardneg_single_t0.995,324,68.806,34.733,64.0,24.4629,,
RUB-72501787,tz_detection,n_spots_detected,v8_hardneg_single_t0.995,324,193.105,74.681,180.0,65.2344,,
RUB-72501801,tz_detection,n_spots_detected,v8_hardneg_single_t0.995,324,186.91,81.738,166.0,79.3191,,
RUB-72501807,tz_detection,n_spots_detected,v8_hardneg_single_t0.995,324,122.664,125.199,103.0,52.6323,,
RUB-72501814,tz_detection,n_spots_detected,v8_hardneg_single_t0.995,324,126.009,41.991,124.0,37.8063,,
RUB-72501818,tz_detection,n_spots_detected,v8_hardneg_single_t0.995,324,136.944,53.612,124.5,42.2541,,
RUB-72501819,tz_detection,n_spots_detected,v8_hardneg_single_t0.995,324,51.009,35.232,40.0,22.239,mean_median_divergence,
RUB-72501821,tz_detection,n_spots_detected,v8_hardneg_single_t0.995,324,172.491,75.004,163.5,60.0453,,
RUB-72501822,tz_detection,n_spots_detected,v8_hardneg_single_t0.995,324,144.688,86.647,132.0,56.3388,,
RUB-72501823,tz_detection,n_spots_detected,v8_hardneg_single_t0.995,324,210.793,99.24,213.5,104.5233,,
RUB-72501824,tz_detection,n_spots_detected,v8_hardneg_single_t0.995,324,235.91,141.436,196.0,137.8818,,
RUB-72501825,tz_detection,n_spots_detected,v8_hardneg_single_t0.995,324,71.361,61.302,62.0,26.6868,,
