slide_id,fov_id,blob,bin,slide_density_mean,slide_density_std,predicted_density_score,predicted_density_label,predicted_overlap_score,predicted_overlap_label
RUB-72501824,162,gs://tanzania_02032026/TZ2025-Box3/RUB-72501824/dpc-162-RUB-72501824.png,0,0.0765,0.0982,0,sparser,0,no rouleaux
RUB-72501824,179,gs://tanzania_02032026/TZ2025-Box3/RUB-72501824/dpc-179-RUB-72501824.png,0,0.0765,0.0982,0.001483332813,sparser,0.002064815348,no rouleaux
RUB-72501824,169,gs://tanzania_02032026/TZ2025-Box3/RUB-72501824/dpc-169-RUB-72501824.png,0,0.0765,0.0982,0.00618032739,sparser,0.008138784051,no rouleaux
RUB-72501824,178,gs://tanzania_02032026/TZ2025-Box3/RUB-72501824/dpc-178-RUB-72501824.png,0,0.0765,0.0982,0.01450760794,sparser,0.02019474744,no rouleaux
RUB-72501824,156,gs://tanzania_02032026/TZ2025-Box3/RUB-72501824/dpc-156-RUB-72501824.png,0,0.0765,0.0982,0.01917435585,sparser,0.02665356478,no rouleaux
RUB-72501824,149,gs://tanzania_02032026/TZ2025-Box3/RUB-72501824/dpc-149-RUB-72501824.png,0,0.0765,0.0982,0.02412377748,sparser,0.0305786333,no rouleaux
RUB-72501824,150,gs://tanzania_02032026/TZ2025-Box3/RUB-72501824/dpc-150-RUB-72501824.png,0,0.0765,0.0982,0.0260436831,sparser,0.03560307685,no rouleaux
RUB-72501824,172,gs://tanzania_02032026/TZ2025-Box3/RUB-72501824/dpc-172-RUB-72501824.png,0,0.0765,0.0982,0.02902716405,sparser,0.03804208894,no rouleaux
RUB-72501824,303,gs://tanzania_02032026/TZ2025-Box3/RUB-72501824/dpc-303-RUB-72501824.png,0,0.0765,0.0982,0.03154740135,sparser,0.0403638231,no rouleaux
RUB-72501824,180,gs://tanzania_02032026/TZ2025-Box3/RUB-72501824/dpc-180-RUB-72501824.png,0,0.0765,0.0982,0.03270279637,sparser,0.04450630525,no rouleaux
RUB-72501824,300,gs://tanzania_02032026/TZ2025-Box3/RUB-72501824/dpc-300-RUB-72501824.png,0,0.0765,0.0982,0.03470369225,sparser,0.04651271771,no rouleaux
RUB-72501824,296,gs://tanzania_02032026/TZ2025-Box3/RUB-72501824/dpc-296-RUB-72501824.png,0,0.0765,0.0982,0.03724513211,sparser,0.03652232847,no rouleaux
RUB-72501824,298,gs://tanzania_02032026/TZ2025-Box3/RUB-72501824/dpc-298-RUB-72501824.png,0,0.0765,0.0982,0.03943801539,sparser,0.04740002315,no rouleaux
RUB-72501824,116,gs://tanzania_02032026/TZ2025-Box3/RUB-72501824/dpc-116-RUB-72501824.png,0,0.0765,0.0982,0.04290383765,sparser,0.05532124046,no rouleaux
RUB-72501824,261,gs://tanzania_02032026/TZ2025-Box3/RUB-72501824/dpc-261-RUB-72501824.png,0,0.0765,0.0982,0.04651529392,sparser,0.05945145607,no rouleaux
RUB-72501824,260,gs://tanzania_02032026/TZ2025-Box3/RUB-72501824/dpc-260-RUB-72501824.png,0,0.0765,0.0982,0.04954441923,sparser,0.06380710444,no rouleaux
RUB-72501824,278,gs://tanzania_02032026/TZ2025-Box3/RUB-72501824/dpc-278-RUB-72501824.png,0,0.0765,0.0982,0.05177346646,sparser,0.06093169001,no rouleaux
RUB-72501824,68,gs://tanzania_02032026/TZ2025-Box3/RUB-72501824/dpc-068-RUB-72501824.png,0,0.0765,0.0982,0.05299471301,sparser,0.06576335168,no rouleaux
RUB-72501824,205,gs://tanzania_02032026/TZ2025-Box3/RUB-72501824/dpc-205-RUB-72501824.png,0,0.0765,0.0982,0.05563453566,sparser,0.06828029537,no rouleaux
RUB-72501824,239,gs://tanzania_02032026/TZ2025-Box3/RUB-72501824/dpc-239-RUB-72501824.png,0,0.0765,0.0982,0.05845526316,sparser,0.07075348526,no rouleaux
RUB-72501824,117,gs://tanzania_02032026/TZ2025-Box3/RUB-72501824/dpc-117-RUB-72501824.png,0,0.0765,0.0982,0.05953635433,sparser,0.07607083775,no rouleaux
RUB-72501824,69,gs://tanzania_02032026/TZ2025-Box3/RUB-72501824/dpc-069-RUB-72501824.png,0,0.0765,0.0982,0.06174564235,sparser,0.07167880138,no rouleaux
RUB-72501824,245,gs://tanzania_02032026/TZ2025-Box3/RUB-72501824/dpc-245-RUB-72501824.png,0,0.0765,0.0982,0.06409479819,sparser,0.08262343512,no rouleaux
RUB-72501824,259,gs://tanzania_02032026/TZ2025-Box3/RUB-72501824/dpc-259-RUB-72501824.png,0,0.0765,0.0982,0.0650301672,sparser,0.08421933748,no rouleaux
RUB-72501824,269,gs://tanzania_02032026/TZ2025-Box3/RUB-72501824/dpc-269-RUB-72501824.png,0,0.0765,0.0982,0.06658401523,sparser,0.08572838053,no rouleaux
RUB-72501824,240,gs://tanzania_02032026/TZ2025-Box3/RUB-72501824/dpc-240-RUB-72501824.png,0,0.0765,0.0982,0.06755454964,sparser,0.08706355856,no rouleaux
RUB-72501824,141,gs://tanzania_02032026/TZ2025-Box3/RUB-72501824/dpc-141-RUB-72501824.png,0,0.0765,0.0982,0.06963022323,sparser,0.09189771503,no rouleaux
RUB-72501824,27,gs://tanzania_02032026/TZ2025-Box3/RUB-72501824/dpc-027-RUB-72501824.png,0,0.0765,0.0982,0.07138600315,sparser,0.05872225134,no rouleaux
RUB-72501824,67,gs://tanzania_02032026/TZ2025-Box3/RUB-72501824/dpc-067-RUB-72501824.png,0,0.0765,0.0982,0.07687363346,sparser,0.08321552015,no rouleaux
RUB-72501824,28,gs://tanzania_02032026/TZ2025-Box3/RUB-72501824/dpc-028-RUB-72501824.png,0,0.0765,0.0982,0.07709498208,sparser,0.07127839768,no rouleaux
RUB-72501824,223,gs://tanzania_02032026/TZ2025-Box3/RUB-72501824/dpc-223-RUB-72501824.png,0,0.0765,0.0982,0.07810523203,sparser,0.09986999586,no rouleaux
RUB-72501824,147,gs://tanzania_02032026/TZ2025-Box3/RUB-72501824/dpc-147-RUB-72501824.png,0,0.0765,0.0982,0.07949392041,sparser,0.1026079713,no rouleaux
RUB-72501824,31,gs://tanzania_02032026/TZ2025-Box3/RUB-72501824/dpc-031-RUB-72501824.png,0,0.0765,0.0982,0.08188624394,sparser,0.09288346333,no rouleaux
RUB-72501824,32,gs://tanzania_02032026/TZ2025-Box3/RUB-72501824/dpc-032-RUB-72501824.png,0,0.0765,0.0982,0.0833555608,sparser,0.107572079,no rouleaux
RUB-72501824,312,gs://tanzania_02032026/TZ2025-Box3/RUB-72501824/dpc-312-RUB-72501824.png,0,0.0765,0.0982,0.08549667496,sparser,0.09723221666,no rouleaux
RUB-72501824,249,gs://tanzania_02032026/TZ2025-Box3/RUB-72501824/dpc-249-RUB-72501824.png,0,0.0765,0.0982,0.0880498394,sparser,0.1134873077,no rouleaux
RUB-72501824,104,gs://tanzania_02032026/TZ2025-Box3/RUB-72501824/dpc-104-RUB-72501824.png,0,0.0765,0.0982,0.09199820388,sparser,0.1190187626,no rouleaux
RUB-72501824,244,gs://tanzania_02032026/TZ2025-Box3/RUB-72501824/dpc-244-RUB-72501824.png,0,0.0765,0.0982,0.0935260701,sparser,0.1221928256,no rouleaux
RUB-72501824,195,gs://tanzania_02032026/TZ2025-Box3/RUB-72501824/dpc-195-RUB-72501824.png,0,0.0765,0.0982,0.09492382627,sparser,0.120913477,no rouleaux
RUB-72501824,17,gs://tanzania_02032026/TZ2025-Box3/RUB-72501824/dpc-017-RUB-72501824.png,0,0.0765,0.0982,0.09593032493,sparser,0.1058574095,no rouleaux
RUB-72501824,119,gs://tanzania_02032026/TZ2025-Box3/RUB-72501824/dpc-119-RUB-72501824.png,0,0.0765,0.0982,0.09696738152,sparser,0.128069282,no rouleaux
RUB-72501824,14,gs://tanzania_02032026/TZ2025-Box3/RUB-72501824/dpc-014-RUB-72501824.png,0,0.0765,0.0982,0.09888541661,sparser,0.1228610935,no rouleaux
RUB-72501824,213,gs://tanzania_02032026/TZ2025-Box3/RUB-72501824/dpc-213-RUB-72501824.png,0,0.0765,0.0982,0.1013479819,sparser,0.1346788526,no rouleaux
RUB-72501824,13,gs://tanzania_02032026/TZ2025-Box3/RUB-72501824/dpc-013-RUB-72501824.png,0,0.0765,0.0982,0.1039400657,sparser,0.1159388671,no rouleaux
RUB-72501824,132,gs://tanzania_02032026/TZ2025-Box3/RUB-72501824/dpc-132-RUB-72501824.png,0,0.0765,0.0982,0.1046923562,sparser,0.1376854329,no rouleaux
RUB-72501824,232,gs://tanzania_02032026/TZ2025-Box3/RUB-72501824/dpc-232-RUB-72501824.png,0,0.0765,0.0982,0.1063652729,sparser,0.1360589115,no rouleaux
RUB-72501824,138,gs://tanzania_02032026/TZ2025-Box3/RUB-72501824/dpc-138-RUB-72501824.png,0,0.0765,0.0982,0.1088178561,sparser,0.1432056233,no rouleaux
RUB-72501824,322,gs://tanzania_02032026/TZ2025-Box3/RUB-72501824/dpc-322-RUB-72501824.png,0,0.0765,0.0982,0.1104573201,sparser,0.1445008255,no rouleaux
RUB-72501824,134,gs://tanzania_02032026/TZ2025-Box3/RUB-72501824/dpc-134-RUB-72501824.png,0,0.0765,0.0982,0.1118422542,sparser,0.1477603097,no rouleaux
RUB-72501824,250,gs://tanzania_02032026/TZ2025-Box3/RUB-72501824/dpc-250-RUB-72501824.png,0,0.0765,0.0982,0.1137938073,sparser,0.1445356409,no rouleaux
RUB-72501824,72,gs://tanzania_02032026/TZ2025-Box3/RUB-72501824/dpc-072-RUB-72501824.png,0,0.0765,0.0982,0.1149419358,sparser,0.1506332701,no rouleaux
RUB-72501824,214,gs://tanzania_02032026/TZ2025-Box3/RUB-72501824/dpc-214-RUB-72501824.png,0,0.0765,0.0982,0.1181411638,sparser,0.152185901,no rouleaux
RUB-72501824,145,gs://tanzania_02032026/TZ2025-Box3/RUB-72501824/dpc-145-RUB-72501824.png,0,0.0765,0.0982,0.1206625546,sparser,0.1541167561,no rouleaux
RUB-72501824,227,gs://tanzania_02032026/TZ2025-Box3/RUB-72501824/dpc-227-RUB-72501824.png,0,0.0765,0.0982,0.125005342,sparser,0.1621821691,no rouleaux
RUB-72501824,79,gs://tanzania_02032026/TZ2025-Box3/RUB-72501824/dpc-079-RUB-72501824.png,0,0.0765,0.0982,0.1280422388,sparser,0.1586134381,no rouleaux
RUB-72501824,292,gs://tanzania_02032026/TZ2025-Box3/RUB-72501824/dpc-292-RUB-72501824.png,0,0.0765,0.0982,0.1319758635,sparser,0.1072824348,no rouleaux
RUB-72501824,235,gs://tanzania_02032026/TZ2025-Box3/RUB-72501824/dpc-235-RUB-72501824.png,0,0.0765,0.0982,0.1340545064,sparser,0.125892939,no rouleaux
RUB-72501824,45,gs://tanzania_02032026/TZ2025-Box3/RUB-72501824/dpc-045-RUB-72501824.png,0,0.0765,0.0982,0.1351455031,sparser,0.1419319538,no rouleaux
RUB-72501824,131,gs://tanzania_02032026/TZ2025-Box3/RUB-72501824/dpc-131-RUB-72501824.png,0,0.0765,0.0982,0.1400679892,sparser,0.1834109359,no rouleaux
RUB-72501824,16,gs://tanzania_02032026/TZ2025-Box3/RUB-72501824/dpc-016-RUB-72501824.png,0,0.0765,0.0982,0.1457885905,sparser,0.1536368274,no rouleaux
RUB-72501824,272,gs://tanzania_02032026/TZ2025-Box3/RUB-72501824/dpc-272-RUB-72501824.png,0,0.0765,0.0982,0.1481102927,sparser,0.1213791645,no rouleaux
RUB-72501824,100,gs://tanzania_02032026/TZ2025-Box3/RUB-72501824/dpc-100-RUB-72501824.png,0,0.0765,0.0982,0.1537966751,sparser,0.2012675578,no rouleaux
RUB-72501824,61,gs://tanzania_02032026/TZ2025-Box3/RUB-72501824/dpc-061-RUB-72501824.png,0,0.0765,0.0982,0.1562605393,sparser,0.1799904867,no rouleaux
RUB-72501824,308,gs://tanzania_02032026/TZ2025-Box3/RUB-72501824/dpc-308-RUB-72501824.png,0,0.0765,0.0982,0.1620725622,sparser,0.1448189294,no rouleaux
RUB-72501824,5,gs://tanzania_02032026/TZ2025-Box3/RUB-72501824/dpc-005-RUB-72501824.png,0,0.0765,0.0982,0.1676668139,sparser,0.1352465475,no rouleaux
RUB-72501824,203,gs://tanzania_02032026/TZ2025-Box3/RUB-72501824/dpc-203-RUB-72501824.png,0,0.0765,0.0982,0.1723959541,sparser,0.1755341383,no rouleaux
RUB-72501824,4,gs://tanzania_02032026/TZ2025-Box3/RUB-72501824/dpc-004-RUB-72501824.png,0,0.0765,0.0982,0.1769131228,sparser,0.1390465946,no rouleaux
RUB-72501824,228,gs://tanzania_02032026/TZ2025-Box3/RUB-72501824/dpc-228-RUB-72501824.png,0,0.0765,0.0982,0.180345472,sparser,0.2350113345,no rouleaux
RUB-72501824,290,gs://tanzania_02032026/TZ2025-Box3/RUB-72501824/dpc-290-RUB-72501824.png,0,0.0765,0.0982,0.1913588327,sparser,0.1760348294,no rouleaux
RUB-72501824,77,gs://tanzania_02032026/TZ2025-Box3/RUB-72501824/dpc-077-RUB-72501824.png,0,0.0765,0.0982,0.1986826582,sparser,0.2121600249,no rouleaux
RUB-72501824,112,gs://tanzania_02032026/TZ2025-Box3/RUB-72501824/dpc-112-RUB-72501824.png,0,0.0765,0.0982,0.202539917,sparser,0.2029676778,no rouleaux
RUB-72501824,242,gs://tanzania_02032026/TZ2025-Box3/RUB-72501824/dpc-242-RUB-72501824.png,0,0.0765,0.0982,0.2104824235,sparser,0.2805804007,no rouleaux
RUB-72501824,274,gs://tanzania_02032026/TZ2025-Box3/RUB-72501824/dpc-274-RUB-72501824.png,0,0.0765,0.0982,0.2300896519,sparser,0.2347372246,no rouleaux
RUB-72501824,40,gs://tanzania_02032026/TZ2025-Box3/RUB-72501824/dpc-040-RUB-72501824.png,0,0.0765,0.0982,0.2360905993,sparser,0.2126428322,no rouleaux
RUB-72501824,2,gs://tanzania_02032026/TZ2025-Box3/RUB-72501824/dpc-002-RUB-72501824.png,0,0.0765,0.0982,0.2427351799,sparser,0.2228939251,no rouleaux
RUB-72501824,74,gs://tanzania_02032026/TZ2025-Box3/RUB-72501824/dpc-074-RUB-72501824.png,0,0.0765,0.0982,0.2561113668,sparser,0.2617827096,no rouleaux
RUB-72501824,22,gs://tanzania_02032026/TZ2025-Box3/RUB-72501824/dpc-022-RUB-72501824.png,0,0.0765,0.0982,0.268788897,sparser,0.2563050974,no rouleaux
RUB-72501824,1,gs://tanzania_02032026/TZ2025-Box3/RUB-72501824/dpc-001-RUB-72501824.png,0,0.0765,0.0982,0.292582835,monolayer,0.2525311556,no rouleaux
RUB-72501824,37,gs://tanzania_02032026/TZ2025-Box3/RUB-72501824/dpc-037-RUB-72501824.png,0,0.0765,0.0982,0.3236065734,monolayer,0.2927151547,no rouleaux
RUB-72501824,199,gs://tanzania_02032026/TZ2025-Box3/RUB-72501824/dpc-199-RUB-72501824.png,0,0.0765,0.0982,0.3904047607,monolayer,0.4037134948,slight rouleaux
RUB-72501824,91,gs://tanzania_02032026/TZ2025-Box3/RUB-72501824/dpc-091-RUB-72501824.png,0,0.0765,0.0982,0.4733087063,slightly dense,0.4593140169,some rouleaux
RUB-72501771,252,gs://tanzania_02032026/TZ2025-Box3/RUB-72501771/dpc-252-RUB-72501771.png,1,0.1606,0.171,0,sparser,0,no rouleaux
RUB-72501771,31,gs://tanzania_02032026/TZ2025-Box3/RUB-72501771/dpc-031-RUB-72501771.png,1,0.1606,0.171,0.007430818104,sparser,0.009034411476,no rouleaux
RUB-72501771,132,gs://tanzania_02032026/TZ2025-Box3/RUB-72501771/dpc-132-RUB-72501771.png,1,0.1606,0.171,0.01582274454,sparser,0.01970035179,no rouleaux
RUB-72501771,139,gs://tanzania_02032026/TZ2025-Box3/RUB-72501771/dpc-139-RUB-72501771.png,1,0.1606,0.171,0.02248719967,sparser,0.02999440275,no rouleaux
RUB-72501771,228,gs://tanzania_02032026/TZ2025-Box3/RUB-72501771/dpc-228-RUB-72501771.png,1,0.1606,0.171,0.02648433158,sparser,0.0311106202,no rouleaux
RUB-72501771,89,gs://tanzania_02032026/TZ2025-Box3/RUB-72501771/dpc-089-RUB-72501771.png,1,0.1606,0.171,0.0317577694,sparser,0.04039512964,no rouleaux
RUB-72501771,83,gs://tanzania_02032026/TZ2025-Box3/RUB-72501771/dpc-083-RUB-72501771.png,1,0.1606,0.171,0.03414047582,sparser,0.04423252538,no rouleaux
RUB-72501771,34,gs://tanzania_02032026/TZ2025-Box3/RUB-72501771/dpc-034-RUB-72501771.png,1,0.1606,0.171,0.03577077238,sparser,0.04588952107,no rouleaux
RUB-72501771,246,gs://tanzania_02032026/TZ2025-Box3/RUB-72501771/dpc-246-RUB-72501771.png,1,0.1606,0.171,0.03876134974,sparser,0.05139157556,no rouleaux
RUB-72501771,210,gs://tanzania_02032026/TZ2025-Box3/RUB-72501771/dpc-210-RUB-72501771.png,1,0.1606,0.171,0.04104491616,sparser,0.05027950847,no rouleaux
RUB-72501771,133,gs://tanzania_02032026/TZ2025-Box3/RUB-72501771/dpc-133-RUB-72501771.png,1,0.1606,0.171,0.04484695448,sparser,0.05970260889,no rouleaux
RUB-72501771,18,gs://tanzania_02032026/TZ2025-Box3/RUB-72501771/dpc-018-RUB-72501771.png,1,0.1606,0.171,0.04668082112,sparser,0.06085509199,no rouleaux
RUB-72501771,225,gs://tanzania_02032026/TZ2025-Box3/RUB-72501771/dpc-225-RUB-72501771.png,1,0.1606,0.171,0.04909094978,sparser,0.0475553419,no rouleaux
RUB-72501771,88,gs://tanzania_02032026/TZ2025-Box3/RUB-72501771/dpc-088-RUB-72501771.png,1,0.1606,0.171,0.05266961464,sparser,0.06959800152,no rouleaux
RUB-72501771,48,gs://tanzania_02032026/TZ2025-Box3/RUB-72501771/dpc-048-RUB-72501771.png,1,0.1606,0.171,0.05436752085,sparser,0.04829393417,no rouleaux
RUB-72501771,180,gs://tanzania_02032026/TZ2025-Box3/RUB-72501771/dpc-180-RUB-72501771.png,1,0.1606,0.171,0.05798259494,sparser,0.07783846636,no rouleaux
RUB-72501771,150,gs://tanzania_02032026/TZ2025-Box3/RUB-72501771/dpc-150-RUB-72501771.png,1,0.1606,0.171,0.05976965721,sparser,0.0691349115,no rouleaux
RUB-72501771,9,gs://tanzania_02032026/TZ2025-Box3/RUB-72501771/dpc-009-RUB-72501771.png,1,0.1606,0.171,0.06189892444,sparser,0.03951574739,no rouleaux
RUB-72501771,224,gs://tanzania_02032026/TZ2025-Box3/RUB-72501771/dpc-224-RUB-72501771.png,1,0.1606,0.171,0.0638256269,sparser,0.05780069311,no rouleaux
RUB-72501771,46,gs://tanzania_02032026/TZ2025-Box3/RUB-72501771/dpc-046-RUB-72501771.png,1,0.1606,0.171,0.06925579895,sparser,0.06813540644,no rouleaux
RUB-72501771,16,gs://tanzania_02032026/TZ2025-Box3/RUB-72501771/dpc-016-RUB-72501771.png,1,0.1606,0.171,0.07254761737,sparser,0.09242307437,no rouleaux
RUB-72501771,10,gs://tanzania_02032026/TZ2025-Box3/RUB-72501771/dpc-010-RUB-72501771.png,1,0.1606,0.171,0.07540624481,sparser,0.07254727164,no rouleaux
RUB-72501771,223,gs://tanzania_02032026/TZ2025-Box3/RUB-72501771/dpc-223-RUB-72501771.png,1,0.1606,0.171,0.07657623433,sparser,0.07365508441,no rouleaux
RUB-72501771,63,gs://tanzania_02032026/TZ2025-Box3/RUB-72501771/dpc-063-RUB-72501771.png,1,0.1606,0.171,0.08020784418,sparser,0.07489662657,no rouleaux
RUB-72501771,82,gs://tanzania_02032026/TZ2025-Box3/RUB-72501771/dpc-082-RUB-72501771.png,1,0.1606,0.171,0.08352723794,sparser,0.1103072476,no rouleaux
RUB-72501771,300,gs://tanzania_02032026/TZ2025-Box3/RUB-72501771/dpc-300-RUB-72501771.png,1,0.1606,0.171,0.08508661944,sparser,0.07968634047,no rouleaux
RUB-72501771,171,gs://tanzania_02032026/TZ2025-Box3/RUB-72501771/dpc-171-RUB-72501771.png,1,0.1606,0.171,0.08578232368,sparser,0.08955672509,no rouleaux
RUB-72501771,154,gs://tanzania_02032026/TZ2025-Box3/RUB-72501771/dpc-154-RUB-72501771.png,1,0.1606,0.171,0.0912007547,sparser,0.117899297,no rouleaux
RUB-72501771,156,gs://tanzania_02032026/TZ2025-Box3/RUB-72501771/dpc-156-RUB-72501771.png,1,0.1606,0.171,0.0947510723,sparser,0.1212007015,no rouleaux
RUB-72501771,172,gs://tanzania_02032026/TZ2025-Box3/RUB-72501771/dpc-172-RUB-72501771.png,1,0.1606,0.171,0.0992346042,sparser,0.1114850923,no rouleaux
RUB-72501771,26,gs://tanzania_02032026/TZ2025-Box3/RUB-72501771/dpc-026-RUB-72501771.png,1,0.1606,0.171,0.1020347129,sparser,0.07948539537,no rouleaux
RUB-72501771,222,gs://tanzania_02032026/TZ2025-Box3/RUB-72501771/dpc-222-RUB-72501771.png,1,0.1606,0.171,0.1061759552,sparser,0.09495323734,no rouleaux
RUB-72501771,170,gs://tanzania_02032026/TZ2025-Box3/RUB-72501771/dpc-170-RUB-72501771.png,1,0.1606,0.171,0.1094768226,sparser,0.1017306646,no rouleaux
RUB-72501771,208,gs://tanzania_02032026/TZ2025-Box3/RUB-72501771/dpc-208-RUB-72501771.png,1,0.1606,0.171,0.1146638037,sparser,0.1459480033,no rouleaux
RUB-72501771,96,gs://tanzania_02032026/TZ2025-Box3/RUB-72501771/dpc-096-RUB-72501771.png,1,0.1606,0.171,0.1174482402,sparser,0.09824136268,no rouleaux
RUB-72501771,114,gs://tanzania_02032026/TZ2025-Box3/RUB-72501771/dpc-114-RUB-72501771.png,1,0.1606,0.171,0.1201073969,sparser,0.1272353475,no rouleaux
RUB-72501771,240,gs://tanzania_02032026/TZ2025-Box3/RUB-72501771/dpc-240-RUB-72501771.png,1,0.1606,0.171,0.1244738123,sparser,0.117618108,no rouleaux
RUB-72501771,95,gs://tanzania_02032026/TZ2025-Box3/RUB-72501771/dpc-095-RUB-72501771.png,1,0.1606,0.171,0.1379476111,sparser,0.1036362512,no rouleaux
RUB-72501771,169,gs://tanzania_02032026/TZ2025-Box3/RUB-72501771/dpc-169-RUB-72501771.png,1,0.1606,0.171,0.1444793174,sparser,0.126151333,no rouleaux
RUB-72501771,120,gs://tanzania_02032026/TZ2025-Box3/RUB-72501771/dpc-120-RUB-72501771.png,1,0.1606,0.171,0.1535663243,sparser,0.2024347349,no rouleaux
RUB-72501771,42,gs://tanzania_02032026/TZ2025-Box3/RUB-72501771/dpc-042-RUB-72501771.png,1,0.1606,0.171,0.162090348,sparser,0.1319673931,no rouleaux
RUB-72501771,77,gs://tanzania_02032026/TZ2025-Box3/RUB-72501771/dpc-077-RUB-72501771.png,1,0.1606,0.171,0.1685889637,sparser,0.1585295401,no rouleaux
RUB-72501771,29,gs://tanzania_02032026/TZ2025-Box3/RUB-72501771/dpc-029-RUB-72501771.png,1,0.1606,0.171,0.174557562,sparser,0.2040496166,no rouleaux
RUB-72501771,186,gs://tanzania_02032026/TZ2025-Box3/RUB-72501771/dpc-186-RUB-72501771.png,1,0.1606,0.171,0.1810354404,sparser,0.1617781221,no rouleaux
RUB-72501771,259,gs://tanzania_02032026/TZ2025-Box3/RUB-72501771/dpc-259-RUB-72501771.png,1,0.1606,0.171,0.1911691855,sparser,0.1631922648,no rouleaux
RUB-72501771,148,gs://tanzania_02032026/TZ2025-Box3/RUB-72501771/dpc-148-RUB-72501771.png,1,0.1606,0.171,0.2121119854,sparser,0.2036285226,no rouleaux
RUB-72501771,76,gs://tanzania_02032026/TZ2025-Box3/RUB-72501771/dpc-076-RUB-72501771.png,1,0.1606,0.171,0.2234212122,sparser,0.1851863945,no rouleaux
RUB-72501771,276,gs://tanzania_02032026/TZ2025-Box3/RUB-72501771/dpc-276-RUB-72501771.png,1,0.1606,0.171,0.2267910838,sparser,0.1956279489,no rouleaux
RUB-72501771,202,gs://tanzania_02032026/TZ2025-Box3/RUB-72501771/dpc-202-RUB-72501771.png,1,0.1606,0.171,0.2341522418,sparser,0.2048511374,no rouleaux
RUB-72501771,275,gs://tanzania_02032026/TZ2025-Box3/RUB-72501771/dpc-275-RUB-72501771.png,1,0.1606,0.171,0.2520165045,sparser,0.2075279335,no rouleaux
RUB-72501771,166,gs://tanzania_02032026/TZ2025-Box3/RUB-72501771/dpc-166-RUB-72501771.png,1,0.1606,0.171,0.2735209681,sparser,0.2503676694,no rouleaux
RUB-72501771,146,gs://tanzania_02032026/TZ2025-Box3/RUB-72501771/dpc-146-RUB-72501771.png,1,0.1606,0.171,0.299143622,monolayer,0.2564785591,no rouleaux
RUB-72501771,40,gs://tanzania_02032026/TZ2025-Box3/RUB-72501771/dpc-040-RUB-72501771.png,1,0.1606,0.171,0.3021963055,monolayer,0.2555895958,no rouleaux
RUB-72501771,75,gs://tanzania_02032026/TZ2025-Box3/RUB-72501771/dpc-075-RUB-72501771.png,1,0.1606,0.171,0.3171816176,monolayer,0.2853324248,no rouleaux
RUB-72501771,293,gs://tanzania_02032026/TZ2025-Box3/RUB-72501771/dpc-293-RUB-72501771.png,1,0.1606,0.171,0.3406774539,monolayer,0.3127280019,no rouleaux
RUB-72501771,236,gs://tanzania_02032026/TZ2025-Box3/RUB-72501771/dpc-236-RUB-72501771.png,1,0.1606,0.171,0.3599028296,monolayer,0.3240493917,no rouleaux
RUB-72501771,57,gs://tanzania_02032026/TZ2025-Box3/RUB-72501771/dpc-057-RUB-72501771.png,1,0.1606,0.171,0.3762195755,monolayer,0.3282606499,no rouleaux
RUB-72501771,3,gs://tanzania_02032026/TZ2025-Box3/RUB-72501771/dpc-003-RUB-72501771.png,1,0.1606,0.171,0.3837632709,monolayer,0.3290031307,no rouleaux
RUB-72501771,274,gs://tanzania_02032026/TZ2025-Box3/RUB-72501771/dpc-274-RUB-72501771.png,1,0.1606,0.171,0.3889574713,monolayer,0.3462899443,no rouleaux
RUB-72501771,20,gs://tanzania_02032026/TZ2025-Box3/RUB-72501771/dpc-020-RUB-72501771.png,1,0.1606,0.171,0.4011194756,monolayer,0.3429410564,no rouleaux
RUB-72501771,254,gs://tanzania_02032026/TZ2025-Box3/RUB-72501771/dpc-254-RUB-72501771.png,1,0.1606,0.171,0.4138286876,monolayer,0.3576439968,no rouleaux
RUB-72501771,183,gs://tanzania_02032026/TZ2025-Box3/RUB-72501771/dpc-183-RUB-72501771.png,1,0.1606,0.171,0.4241348542,monolayer,0.394261561,slight rouleaux
RUB-72501771,109,gs://tanzania_02032026/TZ2025-Box3/RUB-72501771/dpc-109-RUB-72501771.png,1,0.1606,0.171,0.4488721017,slightly dense,0.403373931,slight rouleaux
RUB-72501771,273,gs://tanzania_02032026/TZ2025-Box3/RUB-72501771/dpc-273-RUB-72501771.png,1,0.1606,0.171,0.4629189707,slightly dense,0.4047421094,slight rouleaux
RUB-72501771,290,gs://tanzania_02032026/TZ2025-Box3/RUB-72501771/dpc-290-RUB-72501771.png,1,0.1606,0.171,0.4781336364,slightly dense,0.4151265989,slight rouleaux
RUB-72501771,324,gs://tanzania_02032026/TZ2025-Box3/RUB-72501771/dpc-324-RUB-72501771.png,1,0.1606,0.171,0.482433119,sparser,0.5321179505,no rouleaux
RUB-72501771,270,gs://tanzania_02032026/TZ2025-Box3/RUB-72501771/dpc-270-RUB-72501771.png,1,0.1606,0.171,0.4892909283,sparser,0.5416640953,no rouleaux
RUB-72501771,231,gs://tanzania_02032026/TZ2025-Box3/RUB-72501771/dpc-231-RUB-72501771.png,1,0.1606,0.171,0.4925490377,sparser,0.5459944337,no rouleaux
RUB-72501771,213,gs://tanzania_02032026/TZ2025-Box3/RUB-72501771/dpc-213-RUB-72501771.png,1,0.1606,0.171,0.4950212928,sparser,0.5496408247,no rouleaux
RUB-72501771,305,gs://tanzania_02032026/TZ2025-Box3/RUB-72501771/dpc-305-RUB-72501771.png,1,0.1606,0.171,0.4983973163,sparser,0.5538677818,no rouleaux
RUB-72501771,303,gs://tanzania_02032026/TZ2025-Box3/RUB-72501771/dpc-303-RUB-72501771.png,1,0.1606,0.171,0.5006066673,slightly dense,0.5349917358,some rouleaux
RUB-72501771,321,gs://tanzania_02032026/TZ2025-Box3/RUB-72501771/dpc-321-RUB-72501771.png,1,0.1606,0.171,0.5043138743,slightly dense,0.5345401828,some rouleaux
RUB-72501771,265,gs://tanzania_02032026/TZ2025-Box3/RUB-72501771/dpc-265-RUB-72501771.png,1,0.1606,0.171,0.5102989487,slightly dense,0.5599176667,rouleaux
RUB-72501771,194,gs://tanzania_02032026/TZ2025-Box3/RUB-72501771/dpc-194-RUB-72501771.png,1,0.1606,0.171,0.5124225143,sparser,0.5717432582,no rouleaux
RUB-72501771,304,gs://tanzania_02032026/TZ2025-Box3/RUB-72501771/dpc-304-RUB-72501771.png,1,0.1606,0.171,0.515769522,slightly dense,0.5710070169,rouleaux
RUB-72501771,181,gs://tanzania_02032026/TZ2025-Box3/RUB-72501771/dpc-181-RUB-72501771.png,1,0.1606,0.171,0.5216752454,slightly dense,0.4785292879,some rouleaux
RUB-72501771,322,gs://tanzania_02032026/TZ2025-Box3/RUB-72501771/dpc-322-RUB-72501771.png,1,0.1606,0.171,0.5246982777,slightly dense,0.573542531,rouleaux
RUB-72501771,69,gs://tanzania_02032026/TZ2025-Box3/RUB-72501771/dpc-069-RUB-72501771.png,1,0.1606,0.171,0.5356572729,sparser,0.6001351805,no rouleaux
RUB-72501771,289,gs://tanzania_02032026/TZ2025-Box3/RUB-72501771/dpc-289-RUB-72501771.png,1,0.1606,0.171,0.5436973677,slightly dense,0.4750354203,some rouleaux
RUB-72501771,193,gs://tanzania_02032026/TZ2025-Box3/RUB-72501771/dpc-193-RUB-72501771.png,1,0.1606,0.171,0.5760260964,sparser,0.6549784178,no rouleaux
RUB-72501771,177,gs://tanzania_02032026/TZ2025-Box3/RUB-72501771/dpc-177-RUB-72501771.png,1,0.1606,0.171,0.6418897404,sparser,0.7479064415,no rouleaux
KIT-62500834,165,gs://tanzania_02032026/TZ2025-Box1/KIT-62500834/dpc-165-KIT-62500834.png,2,0.1806,0.1668,0,sparser,0,no rouleaux
KIT-62500834,217,gs://tanzania_02032026/TZ2025-Box1/KIT-62500834/dpc-217-KIT-62500834.png,2,0.1806,0.1668,0.003513432478,sparser,0.004890736078,no rouleaux
KIT-62500834,167,gs://tanzania_02032026/TZ2025-Box1/KIT-62500834/dpc-167-KIT-62500834.png,2,0.1806,0.1668,0.006642527275,sparser,0.009246469939,no rouleaux
KIT-62500834,200,gs://tanzania_02032026/TZ2025-Box1/KIT-62500834/dpc-200-KIT-62500834.png,2,0.1806,0.1668,0.01012128759,sparser,0.014088942,no rouleaux
KIT-62500834,128,gs://tanzania_02032026/TZ2025-Box1/KIT-62500834/dpc-128-KIT-62500834.png,2,0.1806,0.1668,0.01490505721,sparser,0.02074800113,no rouleaux
KIT-62500834,221,gs://tanzania_02032026/TZ2025-Box1/KIT-62500834/dpc-221-KIT-62500834.png,2,0.1806,0.1668,0.03217822519,sparser,0.04329970825,no rouleaux
KIT-62500834,94,gs://tanzania_02032026/TZ2025-Box1/KIT-62500834/dpc-094-KIT-62500834.png,2,0.1806,0.1668,0.04631417045,sparser,0.06280789438,no rouleaux
KIT-62500834,112,gs://tanzania_02032026/TZ2025-Box1/KIT-62500834/dpc-112-KIT-62500834.png,2,0.1806,0.1668,0.05130360041,sparser,0.0671935218,no rouleaux
KIT-62500834,255,gs://tanzania_02032026/TZ2025-Box1/KIT-62500834/dpc-255-KIT-62500834.png,2,0.1806,0.1668,0.06764575275,sparser,0.08973704259,no rouleaux
KIT-62500834,96,gs://tanzania_02032026/TZ2025-Box1/KIT-62500834/dpc-096-KIT-62500834.png,2,0.1806,0.1668,0.0717465116,sparser,0.09288638733,no rouleaux
KIT-62500834,171,gs://tanzania_02032026/TZ2025-Box1/KIT-62500834/dpc-171-KIT-62500834.png,2,0.1806,0.1668,0.0821480521,sparser,0.1065455164,no rouleaux
KIT-62500834,187,gs://tanzania_02032026/TZ2025-Box1/KIT-62500834/dpc-187-KIT-62500834.png,2,0.1806,0.1668,0.09312615112,sparser,0.1224653417,no rouleaux
KIT-62500834,186,gs://tanzania_02032026/TZ2025-Box1/KIT-62500834/dpc-186-KIT-62500834.png,2,0.1806,0.1668,0.09864226853,sparser,0.1296462362,no rouleaux
KIT-62500834,166,gs://tanzania_02032026/TZ2025-Box1/KIT-62500834/dpc-166-KIT-62500834.png,2,0.1806,0.1668,0.1021634552,sparser,0.1386195395,no rouleaux
KIT-62500834,55,gs://tanzania_02032026/TZ2025-Box1/KIT-62500834/dpc-055-KIT-62500834.png,2,0.1806,0.1668,0.1147490664,sparser,0.1501270015,no rouleaux
KIT-62500834,204,gs://tanzania_02032026/TZ2025-Box1/KIT-62500834/dpc-204-KIT-62500834.png,2,0.1806,0.1668,0.1208803595,sparser,0.1602278722,no rouleaux
KIT-62500834,97,gs://tanzania_02032026/TZ2025-Box1/KIT-62500834/dpc-097-KIT-62500834.png,2,0.1806,0.1668,0.13277876,sparser,0.172621371,no rouleaux
KIT-62500834,239,gs://tanzania_02032026/TZ2025-Box1/KIT-62500834/dpc-239-KIT-62500834.png,2,0.1806,0.1668,0.1389433839,sparser,0.1839853073,no rouleaux
KIT-62500834,98,gs://tanzania_02032026/TZ2025-Box1/KIT-62500834/dpc-098-KIT-62500834.png,2,0.1806,0.1668,0.141515909,sparser,0.184309969,no rouleaux
KIT-62500834,271,gs://tanzania_02032026/TZ2025-Box1/KIT-62500834/dpc-271-KIT-62500834.png,2,0.1806,0.1668,0.1465349302,sparser,0.1860666086,no rouleaux
KIT-62500834,19,gs://tanzania_02032026/TZ2025-Box1/KIT-62500834/dpc-019-KIT-62500834.png,2,0.1806,0.1668,0.1506289962,sparser,0.1941403439,no rouleaux
KIT-62500834,129,gs://tanzania_02032026/TZ2025-Box1/KIT-62500834/dpc-129-KIT-62500834.png,2,0.1806,0.1668,0.1575344628,sparser,0.2102844664,no rouleaux
KIT-62500834,169,gs://tanzania_02032026/TZ2025-Box1/KIT-62500834/dpc-169-KIT-62500834.png,2,0.1806,0.1668,0.161419118,sparser,0.2136895767,no rouleaux
KIT-62500834,39,gs://tanzania_02032026/TZ2025-Box1/KIT-62500834/dpc-039-KIT-62500834.png,2,0.1806,0.1668,0.1647468107,sparser,0.2098392599,no rouleaux
KIT-62500834,276,gs://tanzania_02032026/TZ2025-Box1/KIT-62500834/dpc-276-KIT-62500834.png,2,0.1806,0.1668,0.1702005422,sparser,0.2167439323,no rouleaux
KIT-62500834,41,gs://tanzania_02032026/TZ2025-Box1/KIT-62500834/dpc-041-KIT-62500834.png,2,0.1806,0.1668,0.1746879166,sparser,0.2166043513,no rouleaux
KIT-62500834,160,gs://tanzania_02032026/TZ2025-Box1/KIT-62500834/dpc-160-KIT-62500834.png,2,0.1806,0.1668,0.1787419147,sparser,0.2238548862,no rouleaux
KIT-62500834,307,gs://tanzania_02032026/TZ2025-Box1/KIT-62500834/dpc-307-KIT-62500834.png,2,0.1806,0.1668,0.1857106116,sparser,0.2171724338,no rouleaux
KIT-62500834,229,gs://tanzania_02032026/TZ2025-Box1/KIT-62500834/dpc-229-KIT-62500834.png,2,0.1806,0.1668,0.1911619194,sparser,0.2410698009,no rouleaux
KIT-62500834,246,gs://tanzania_02032026/TZ2025-Box1/KIT-62500834/dpc-246-KIT-62500834.png,2,0.1806,0.1668,0.1959499382,sparser,0.2158422778,no rouleaux
KIT-62500834,99,gs://tanzania_02032026/TZ2025-Box1/KIT-62500834/dpc-099-KIT-62500834.png,2,0.1806,0.1668,0.1993797356,sparser,0.2563917119,no rouleaux
KIT-62500834,176,gs://tanzania_02032026/TZ2025-Box1/KIT-62500834/dpc-176-KIT-62500834.png,2,0.1806,0.1668,0.2050908646,sparser,0.2616185692,no rouleaux
KIT-62500834,4,gs://tanzania_02032026/TZ2025-Box1/KIT-62500834/dpc-004-KIT-62500834.png,2,0.1806,0.1668,0.2104902007,sparser,0.2164163124,no rouleaux
KIT-62500834,179,gs://tanzania_02032026/TZ2025-Box1/KIT-62500834/dpc-179-KIT-62500834.png,2,0.1806,0.1668,0.2126755408,sparser,0.2661147037,no rouleaux
KIT-62500834,259,gs://tanzania_02032026/TZ2025-Box1/KIT-62500834/dpc-259-KIT-62500834.png,2,0.1806,0.1668,0.2162992464,sparser,0.2787731572,no rouleaux
KIT-62500834,257,gs://tanzania_02032026/TZ2025-Box1/KIT-62500834/dpc-257-KIT-62500834.png,2,0.1806,0.1668,0.218851344,sparser,0.2895780694,no rouleaux
KIT-62500834,62,gs://tanzania_02032026/TZ2025-Box1/KIT-62500834/dpc-062-KIT-62500834.png,2,0.1806,0.1668,0.2233167464,sparser,0.248853641,no rouleaux
KIT-62500834,248,gs://tanzania_02032026/TZ2025-Box1/KIT-62500834/dpc-248-KIT-62500834.png,2,0.1806,0.1668,0.2281226942,sparser,0.2468190197,no rouleaux
KIT-62500834,61,gs://tanzania_02032026/TZ2025-Box1/KIT-62500834/dpc-061-KIT-62500834.png,2,0.1806,0.1668,0.2305582207,sparser,0.2956482008,no rouleaux
KIT-62500834,5,gs://tanzania_02032026/TZ2025-Box1/KIT-62500834/dpc-005-KIT-62500834.png,2,0.1806,0.1668,0.2335208236,sparser,0.2365884142,no rouleaux
KIT-62500834,24,gs://tanzania_02032026/TZ2025-Box1/KIT-62500834/dpc-024-KIT-62500834.png,2,0.1806,0.1668,0.2353260731,sparser,0.2935057286,no rouleaux
KIT-62500834,174,gs://tanzania_02032026/TZ2025-Box1/KIT-62500834/dpc-174-KIT-62500834.png,2,0.1806,0.1668,0.2419797967,sparser,0.3144441384,no rouleaux
KIT-62500834,296,gs://tanzania_02032026/TZ2025-Box1/KIT-62500834/dpc-296-KIT-62500834.png,2,0.1806,0.1668,0.2454889411,sparser,0.2630492035,no rouleaux
KIT-62500834,37,gs://tanzania_02032026/TZ2025-Box1/KIT-62500834/dpc-037-KIT-62500834.png,2,0.1806,0.1668,0.2488364488,sparser,0.3218159236,no rouleaux
KIT-62500834,190,gs://tanzania_02032026/TZ2025-Box1/KIT-62500834/dpc-190-KIT-62500834.png,2,0.1806,0.1668,0.2505102689,sparser,0.323615496,no rouleaux
KIT-62500834,209,gs://tanzania_02032026/TZ2025-Box1/KIT-62500834/dpc-209-KIT-62500834.png,2,0.1806,0.1668,0.2522408979,sparser,0.3254761454,no rouleaux
KIT-62500834,207,gs://tanzania_02032026/TZ2025-Box1/KIT-62500834/dpc-207-KIT-62500834.png,2,0.1806,0.1668,0.2536479548,sparser,0.3269889129,no rouleaux
KIT-62500834,297,gs://tanzania_02032026/TZ2025-Box1/KIT-62500834/dpc-297-KIT-62500834.png,2,0.1806,0.1668,0.2548112845,sparser,0.2498360708,no rouleaux
KIT-62500834,22,gs://tanzania_02032026/TZ2025-Box1/KIT-62500834/dpc-022-KIT-62500834.png,2,0.1806,0.1668,0.256847882,sparser,0.3269889129,no rouleaux
KIT-62500834,25,gs://tanzania_02032026/TZ2025-Box1/KIT-62500834/dpc-025-KIT-62500834.png,2,0.1806,0.1668,0.2604075159,sparser,0.3308112342,no rouleaux
KIT-62500834,66,gs://tanzania_02032026/TZ2025-Box1/KIT-62500834/dpc-066-KIT-62500834.png,2,0.1806,0.1668,0.2634195334,sparser,0.2763873966,no rouleaux
KIT-62500834,191,gs://tanzania_02032026/TZ2025-Box1/KIT-62500834/dpc-191-KIT-62500834.png,2,0.1806,0.1668,0.2680231446,sparser,0.3428509714,no rouleaux
KIT-62500834,117,gs://tanzania_02032026/TZ2025-Box1/KIT-62500834/dpc-117-KIT-62500834.png,2,0.1806,0.1668,0.2741297187,sparser,0.3485014886,no rouleaux
KIT-62500834,138,gs://tanzania_02032026/TZ2025-Box1/KIT-62500834/dpc-138-KIT-62500834.png,2,0.1806,0.1668,0.2825103079,sparser,0.3558619023,no rouleaux
KIT-62500834,177,gs://tanzania_02032026/TZ2025-Box1/KIT-62500834/dpc-177-KIT-62500834.png,2,0.1806,0.1668,0.2869721589,sparser,0.362716262,no rouleaux
KIT-62500834,249,gs://tanzania_02032026/TZ2025-Box1/KIT-62500834/dpc-249-KIT-62500834.png,2,0.1806,0.1668,0.2959229376,monolayer,0.3126813,no rouleaux
KIT-62500834,35,gs://tanzania_02032026/TZ2025-Box1/KIT-62500834/dpc-035-KIT-62500834.png,2,0.1806,0.1668,0.3053980052,monolayer,0.2982753248,no rouleaux
KIT-62500834,6,gs://tanzania_02032026/TZ2025-Box1/KIT-62500834/dpc-006-KIT-62500834.png,2,0.1806,0.1668,0.3090980488,monolayer,0.3382752986,no rouleaux
KIT-62500834,198,gs://tanzania_02032026/TZ2025-Box1/KIT-62500834/dpc-198-KIT-62500834.png,2,0.1806,0.1668,0.3121000793,monolayer,0.3411875784,no rouleaux
KIT-62500834,280,gs://tanzania_02032026/TZ2025-Box1/KIT-62500834/dpc-280-KIT-62500834.png,2,0.1806,0.1668,0.3177299233,monolayer,0.3517722374,no rouleaux
KIT-62500834,17,gs://tanzania_02032026/TZ2025-Box1/KIT-62500834/dpc-017-KIT-62500834.png,2,0.1806,0.1668,0.3243215499,monolayer,0.3036873972,no rouleaux
KIT-62500834,88,gs://tanzania_02032026/TZ2025-Box1/KIT-62500834/dpc-088-KIT-62500834.png,2,0.1806,0.1668,0.3272024992,monolayer,0.3318805179,no rouleaux
KIT-62500834,7,gs://tanzania_02032026/TZ2025-Box1/KIT-62500834/dpc-007-KIT-62500834.png,2,0.1806,0.1668,0.329823895,monolayer,0.3271273948,no rouleaux
KIT-62500834,14,gs://tanzania_02032026/TZ2025-Box1/KIT-62500834/dpc-014-KIT-62500834.png,2,0.1806,0.1668,0.3382346782,monolayer,0.3119448902,no rouleaux
KIT-62500834,194,gs://tanzania_02032026/TZ2025-Box1/KIT-62500834/dpc-194-KIT-62500834.png,2,0.1806,0.1668,0.3474174361,monolayer,0.4161507356,slight rouleaux
KIT-62500834,89,gs://tanzania_02032026/TZ2025-Box1/KIT-62500834/dpc-089-KIT-62500834.png,2,0.1806,0.1668,0.3587894857,monolayer,0.3564675549,no rouleaux
KIT-62500834,120,gs://tanzania_02032026/TZ2025-Box1/KIT-62500834/dpc-120-KIT-62500834.png,2,0.1806,0.1668,0.3642245284,monolayer,0.4078283584,slight rouleaux
KIT-62500834,31,gs://tanzania_02032026/TZ2025-Box1/KIT-62500834/dpc-031-KIT-62500834.png,2,0.1806,0.1668,0.3687630022,monolayer,0.3376218091,no rouleaux
KIT-62500834,11,gs://tanzania_02032026/TZ2025-Box1/KIT-62500834/dpc-011-KIT-62500834.png,2,0.1806,0.1668,0.3760466687,monolayer,0.3505695259,no rouleaux
KIT-62500834,283,gs://tanzania_02032026/TZ2025-Box1/KIT-62500834/dpc-283-KIT-62500834.png,2,0.1806,0.1668,0.3805303147,monolayer,0.3886506063,slight rouleaux
KIT-62500834,105,gs://tanzania_02032026/TZ2025-Box1/KIT-62500834/dpc-105-KIT-62500834.png,2,0.1806,0.1668,0.38564854,monolayer,0.3995720508,slight rouleaux
KIT-62500834,318,gs://tanzania_02032026/TZ2025-Box1/KIT-62500834/dpc-318-KIT-62500834.png,2,0.1806,0.1668,0.4019980494,monolayer,0.3730636774,no rouleaux
KIT-62500834,284,gs://tanzania_02032026/TZ2025-Box1/KIT-62500834/dpc-284-KIT-62500834.png,2,0.1806,0.1668,0.4104774128,monolayer,0.4203283967,slight rouleaux
KIT-62500834,216,gs://tanzania_02032026/TZ2025-Box1/KIT-62500834/dpc-216-KIT-62500834.png,2,0.1806,0.1668,0.4145194925,monolayer,0.4468005764,slight rouleaux
KIT-62500834,317,gs://tanzania_02032026/TZ2025-Box1/KIT-62500834/dpc-317-KIT-62500834.png,2,0.1806,0.1668,0.4219540764,monolayer,0.3975424261,slight rouleaux
KIT-62500834,287,gs://tanzania_02032026/TZ2025-Box1/KIT-62500834/dpc-287-KIT-62500834.png,2,0.1806,0.1668,0.430739256,monolayer,0.4352243486,slight rouleaux
KIT-62500834,306,gs://tanzania_02032026/TZ2025-Box1/KIT-62500834/dpc-306-KIT-62500834.png,2,0.1806,0.1668,0.4330274711,monolayer,0.4413772364,slight rouleaux
KIT-62500834,68,gs://tanzania_02032026/TZ2025-Box1/KIT-62500834/dpc-068-KIT-62500834.png,2,0.1806,0.1668,0.4417301238,monolayer,0.4266211016,slight rouleaux
KIT-62500834,70,gs://tanzania_02032026/TZ2025-Box1/KIT-62500834/dpc-070-KIT-62500834.png,2,0.1806,0.1668,0.4614841554,slightly dense,0.4511596327,some rouleaux
KIT-62500834,69,gs://tanzania_02032026/TZ2025-Box1/KIT-62500834/dpc-069-KIT-62500834.png,2,0.1806,0.1668,0.48328125,slightly dense,0.4900571716,some rouleaux
KIT-62500834,302,gs://tanzania_02032026/TZ2025-Box1/KIT-62500834/dpc-302-KIT-62500834.png,2,0.1806,0.1668,0.5419777733,slightly dense,0.5105772423,some rouleaux
KTR-72502943,102,gs://tanzania_02032026/TZ2025-Box5/KTR-72502943/dpc-102-KTR-72502943.png,3,0.2031,0.1193,0.037520207,sparser,0.04295010628,no rouleaux
KTR-72502943,105,gs://tanzania_02032026/TZ2025-Box5/KTR-72502943/dpc-105-KTR-72502943.png,3,0.2031,0.1193,0.04971431475,sparser,0.05498564936,no rouleaux
KTR-72502943,90,gs://tanzania_02032026/TZ2025-Box5/KTR-72502943/dpc-090-KTR-72502943.png,3,0.2031,0.1193,0.05722561673,sparser,0.05892729109,no rouleaux
KTR-72502943,92,gs://tanzania_02032026/TZ2025-Box5/KTR-72502943/dpc-092-KTR-72502943.png,3,0.2031,0.1193,0.0591990319,sparser,0.0715833578,no rouleaux
KTR-72502943,110,gs://tanzania_02032026/TZ2025-Box5/KTR-72502943/dpc-110-KTR-72502943.png,3,0.2031,0.1193,0.06545061786,sparser,0.07975574837,no rouleaux
KTR-72502943,79,gs://tanzania_02032026/TZ2025-Box5/KTR-72502943/dpc-079-KTR-72502943.png,3,0.2031,0.1193,0.07007571696,sparser,0.08445834976,no rouleaux
KTR-72502943,87,gs://tanzania_02032026/TZ2025-Box5/KTR-72502943/dpc-087-KTR-72502943.png,3,0.2031,0.1193,0.07191733309,sparser,0.08508993836,no rouleaux
KTR-72502943,89,gs://tanzania_02032026/TZ2025-Box5/KTR-72502943/dpc-089-KTR-72502943.png,3,0.2031,0.1193,0.07421596354,sparser,0.06669704951,no rouleaux
KTR-72502943,112,gs://tanzania_02032026/TZ2025-Box5/KTR-72502943/dpc-112-KTR-72502943.png,3,0.2031,0.1193,0.076824727,sparser,0.0953885927,no rouleaux
KTR-72502943,91,gs://tanzania_02032026/TZ2025-Box5/KTR-72502943/dpc-091-KTR-72502943.png,3,0.2031,0.1193,0.07991908131,sparser,0.09326904394,no rouleaux
KTR-72502943,95,gs://tanzania_02032026/TZ2025-Box5/KTR-72502943/dpc-095-KTR-72502943.png,3,0.2031,0.1193,0.08188219871,sparser,0.1042735719,no rouleaux
KTR-72502943,106,gs://tanzania_02032026/TZ2025-Box5/KTR-72502943/dpc-106-KTR-72502943.png,3,0.2031,0.1193,0.08471717212,sparser,0.07146254865,no rouleaux
KTR-72502943,126,gs://tanzania_02032026/TZ2025-Box5/KTR-72502943/dpc-126-KTR-72502943.png,3,0.2031,0.1193,0.08944362438,sparser,0.09959302324,no rouleaux
KTR-72502943,116,gs://tanzania_02032026/TZ2025-Box5/KTR-72502943/dpc-116-KTR-72502943.png,3,0.2031,0.1193,0.09053937849,sparser,0.1089544333,no rouleaux
KTR-72502943,83,gs://tanzania_02032026/TZ2025-Box5/KTR-72502943/dpc-083-KTR-72502943.png,3,0.2031,0.1193,0.09171634022,sparser,0.1076911025,no rouleaux
KTR-72502943,172,gs://tanzania_02032026/TZ2025-Box5/KTR-72502943/dpc-172-KTR-72502943.png,3,0.2031,0.1193,0.09342630417,sparser,0.1008336301,no rouleaux
KTR-72502943,151,gs://tanzania_02032026/TZ2025-Box5/KTR-72502943/dpc-151-KTR-72502943.png,3,0.2031,0.1193,0.09509119419,sparser,0.1241653325,no rouleaux
KTR-72502943,165,gs://tanzania_02032026/TZ2025-Box5/KTR-72502943/dpc-165-KTR-72502943.png,3,0.2031,0.1193,0.1007626246,sparser,0.1237897213,no rouleaux
KTR-72502943,82,gs://tanzania_02032026/TZ2025-Box5/KTR-72502943/dpc-082-KTR-72502943.png,3,0.2031,0.1193,0.1026037165,sparser,0.1227877877,no rouleaux
KTR-72502943,42,gs://tanzania_02032026/TZ2025-Box5/KTR-72502943/dpc-042-KTR-72502943.png,3,0.2031,0.1193,0.1067909345,sparser,0.1150715253,no rouleaux
KTR-72502943,171,gs://tanzania_02032026/TZ2025-Box5/KTR-72502943/dpc-171-KTR-72502943.png,3,0.2031,0.1193,0.1123757304,sparser,0.1156739028,no rouleaux
KTR-72502943,73,gs://tanzania_02032026/TZ2025-Box5/KTR-72502943/dpc-073-KTR-72502943.png,3,0.2031,0.1193,0.1164151724,sparser,0.1277187355,no rouleaux
KTR-72502943,162,gs://tanzania_02032026/TZ2025-Box5/KTR-72502943/dpc-162-KTR-72502943.png,3,0.2031,0.1193,0.1187216248,sparser,0.1495685904,no rouleaux
KTR-72502943,118,gs://tanzania_02032026/TZ2025-Box5/KTR-72502943/dpc-118-KTR-72502943.png,3,0.2031,0.1193,0.1226381,sparser,0.1504055547,no rouleaux
KTR-72502943,55,gs://tanzania_02032026/TZ2025-Box5/KTR-72502943/dpc-055-KTR-72502943.png,3,0.2031,0.1193,0.1352274517,sparser,0.1371699587,no rouleaux
KTR-72502943,65,gs://tanzania_02032026/TZ2025-Box5/KTR-72502943/dpc-065-KTR-72502943.png,3,0.2031,0.1193,0.1401442285,sparser,0.1663661322,no rouleaux
KTR-72502943,130,gs://tanzania_02032026/TZ2025-Box5/KTR-72502943/dpc-130-KTR-72502943.png,3,0.2031,0.1193,0.1510235878,sparser,0.1948547303,no rouleaux
KTR-72502943,47,gs://tanzania_02032026/TZ2025-Box5/KTR-72502943/dpc-047-KTR-72502943.png,3,0.2031,0.1193,0.1610249837,sparser,0.1834402707,no rouleaux
KTR-72502943,50,gs://tanzania_02032026/TZ2025-Box5/KTR-72502943/dpc-050-KTR-72502943.png,3,0.2031,0.1193,0.1626441557,sparser,0.1899131909,no rouleaux
KTR-72502943,117,gs://tanzania_02032026/TZ2025-Box5/KTR-72502943/dpc-117-KTR-72502943.png,3,0.2031,0.1193,0.1737504163,sparser,0.2190917734,no rouleaux
KTR-72502943,46,gs://tanzania_02032026/TZ2025-Box5/KTR-72502943/dpc-046-KTR-72502943.png,3,0.2031,0.1193,0.176864558,sparser,0.2048796533,no rouleaux
KTR-72502943,219,gs://tanzania_02032026/TZ2025-Box5/KTR-72502943/dpc-219-KTR-72502943.png,3,0.2031,0.1193,0.1829518228,sparser,0.1640031563,no rouleaux
KTR-72502943,152,gs://tanzania_02032026/TZ2025-Box5/KTR-72502943/dpc-152-KTR-72502943.png,3,0.2031,0.1193,0.1863054964,sparser,0.2427912063,no rouleaux
KTR-72502943,255,gs://tanzania_02032026/TZ2025-Box5/KTR-72502943/dpc-255-KTR-72502943.png,3,0.2031,0.1193,0.188680873,sparser,0.1599996624,no rouleaux
KTR-72502943,125,gs://tanzania_02032026/TZ2025-Box5/KTR-72502943/dpc-125-KTR-72502943.png,3,0.2031,0.1193,0.1966139577,sparser,0.2157916997,no rouleaux
KTR-72502943,37,gs://tanzania_02032026/TZ2025-Box5/KTR-72502943/dpc-037-KTR-72502943.png,3,0.2031,0.1193,0.2042258603,sparser,0.2119873794,no rouleaux
KTR-72502943,131,gs://tanzania_02032026/TZ2025-Box5/KTR-72502943/dpc-131-KTR-72502943.png,3,0.2031,0.1193,0.2067222044,sparser,0.2731957853,no rouleaux
KTR-72502943,239,gs://tanzania_02032026/TZ2025-Box5/KTR-72502943/dpc-239-KTR-72502943.png,3,0.2031,0.1193,0.2100081532,sparser,0.1751039488,no rouleaux
KTR-72502943,236,gs://tanzania_02032026/TZ2025-Box5/KTR-72502943/dpc-236-KTR-72502943.png,3,0.2031,0.1193,0.2162238503,sparser,0.1755035266,no rouleaux
KTR-72502943,147,gs://tanzania_02032026/TZ2025-Box5/KTR-72502943/dpc-147-KTR-72502943.png,3,0.2031,0.1193,0.2210992095,sparser,0.2907321254,no rouleaux
KTR-72502943,240,gs://tanzania_02032026/TZ2025-Box5/KTR-72502943/dpc-240-KTR-72502943.png,3,0.2031,0.1193,0.2235421663,sparser,0.1911056431,no rouleaux
KTR-72502943,272,gs://tanzania_02032026/TZ2025-Box5/KTR-72502943/dpc-272-KTR-72502943.png,3,0.2031,0.1193,0.2255384667,sparser,0.1776449086,no rouleaux
KTR-72502943,141,gs://tanzania_02032026/TZ2025-Box5/KTR-72502943/dpc-141-KTR-72502943.png,3,0.2031,0.1193,0.2320213268,sparser,0.2975577777,no rouleaux
KTR-72502943,275,gs://tanzania_02032026/TZ2025-Box5/KTR-72502943/dpc-275-KTR-72502943.png,3,0.2031,0.1193,0.2379892175,sparser,0.1970842649,no rouleaux
KTR-72502943,142,gs://tanzania_02032026/TZ2025-Box5/KTR-72502943/dpc-142-KTR-72502943.png,3,0.2031,0.1193,0.2432820367,sparser,0.3106935426,no rouleaux
KTR-72502943,231,gs://tanzania_02032026/TZ2025-Box5/KTR-72502943/dpc-231-KTR-72502943.png,3,0.2031,0.1193,0.2481409595,sparser,0.2094600875,no rouleaux
KTR-72502943,223,gs://tanzania_02032026/TZ2025-Box5/KTR-72502943/dpc-223-KTR-72502943.png,3,0.2031,0.1193,0.2504965035,sparser,0.2195831519,no rouleaux
KTR-72502943,295,gs://tanzania_02032026/TZ2025-Box5/KTR-72502943/dpc-295-KTR-72502943.png,3,0.2031,0.1193,0.2529446734,sparser,0.2078867978,no rouleaux
KTR-72502943,292,gs://tanzania_02032026/TZ2025-Box5/KTR-72502943/dpc-292-KTR-72502943.png,3,0.2031,0.1193,0.2536928946,sparser,0.2266945665,no rouleaux
KTR-72502943,217,gs://tanzania_02032026/TZ2025-Box5/KTR-72502943/dpc-217-KTR-72502943.png,3,0.2031,0.1193,0.2560177703,sparser,0.2288842814,no rouleaux
KTR-72502943,293,gs://tanzania_02032026/TZ2025-Box5/KTR-72502943/dpc-293-KTR-72502943.png,3,0.2031,0.1193,0.2628233789,sparser,0.2275743521,no rouleaux
KTR-72502943,226,gs://tanzania_02032026/TZ2025-Box5/KTR-72502943/dpc-226-KTR-72502943.png,3,0.2031,0.1193,0.2655936235,sparser,0.2352849047,no rouleaux
KTR-72502943,306,gs://tanzania_02032026/TZ2025-Box5/KTR-72502943/dpc-306-KTR-72502943.png,3,0.2031,0.1193,0.2716662276,sparser,0.2197521758,no rouleaux
KTR-72502943,244,gs://tanzania_02032026/TZ2025-Box5/KTR-72502943/dpc-244-KTR-72502943.png,3,0.2031,0.1193,0.2761287074,sparser,0.2359575765,no rouleaux
KTR-72502943,320,gs://tanzania_02032026/TZ2025-Box5/KTR-72502943/dpc-320-KTR-72502943.png,3,0.2031,0.1193,0.2817701556,sparser,0.2346928433,no rouleaux
KTR-72502943,270,gs://tanzania_02032026/TZ2025-Box5/KTR-72502943/dpc-270-KTR-72502943.png,3,0.2031,0.1193,0.2877613621,sparser,0.2439627505,no rouleaux
KTR-72502943,302,gs://tanzania_02032026/TZ2025-Box5/KTR-72502943/dpc-302-KTR-72502943.png,3,0.2031,0.1193,0.291847771,monolayer,0.2390125653,no rouleaux
KTR-72502943,280,gs://tanzania_02032026/TZ2025-Box5/KTR-72502943/dpc-280-KTR-72502943.png,3,0.2031,0.1193,0.2957730992,monolayer,0.2480614002,no rouleaux
KTR-72502943,285,gs://tanzania_02032026/TZ2025-Box5/KTR-72502943/dpc-285-KTR-72502943.png,3,0.2031,0.1193,0.2986306649,monolayer,0.2569121551,no rouleaux
KTR-72502943,317,gs://tanzania_02032026/TZ2025-Box5/KTR-72502943/dpc-317-KTR-72502943.png,3,0.2031,0.1193,0.3010746526,monolayer,0.257777703,no rouleaux
KTR-72502943,229,gs://tanzania_02032026/TZ2025-Box5/KTR-72502943/dpc-229-KTR-72502943.png,3,0.2031,0.1193,0.3058861285,monolayer,0.2612596001,no rouleaux
KTR-72502943,296,gs://tanzania_02032026/TZ2025-Box5/KTR-72502943/dpc-296-KTR-72502943.png,3,0.2031,0.1193,0.3093656631,monolayer,0.2653261068,no rouleaux
KTR-72502943,253,gs://tanzania_02032026/TZ2025-Box5/KTR-72502943/dpc-253-KTR-72502943.png,3,0.2031,0.1193,0.313558126,monolayer,0.2971762797,no rouleaux
KTR-72502943,303,gs://tanzania_02032026/TZ2025-Box5/KTR-72502943/dpc-303-KTR-72502943.png,3,0.2031,0.1193,0.3171252779,monolayer,0.2731178343,no rouleaux
KTR-72502943,8,gs://tanzania_02032026/TZ2025-Box5/KTR-72502943/dpc-008-KTR-72502943.png,3,0.2031,0.1193,0.3201253751,monolayer,0.2806304535,no rouleaux
KTR-72502943,266,gs://tanzania_02032026/TZ2025-Box5/KTR-72502943/dpc-266-KTR-72502943.png,3,0.2031,0.1193,0.3227933705,monolayer,0.2727893235,no rouleaux
KTR-72502943,246,gs://tanzania_02032026/TZ2025-Box5/KTR-72502943/dpc-246-KTR-72502943.png,3,0.2031,0.1193,0.3286752174,monolayer,0.2832532825,no rouleaux
KTR-72502943,305,gs://tanzania_02032026/TZ2025-Box5/KTR-72502943/dpc-305-KTR-72502943.png,3,0.2031,0.1193,0.331345275,monolayer,0.2771834079,no rouleaux
KTR-72502943,1,gs://tanzania_02032026/TZ2025-Box5/KTR-72502943/dpc-001-KTR-72502943.png,3,0.2031,0.1193,0.3374138206,monolayer,0.313199873,no rouleaux
KTR-72502943,319,gs://tanzania_02032026/TZ2025-Box5/KTR-72502943/dpc-319-KTR-72502943.png,3,0.2031,0.1193,0.3395182864,monolayer,0.2987502777,no rouleaux
KTR-72502943,299,gs://tanzania_02032026/TZ2025-Box5/KTR-72502943/dpc-299-KTR-72502943.png,3,0.2031,0.1193,0.3410976908,monolayer,0.3065317158,no rouleaux
KTR-72502943,17,gs://tanzania_02032026/TZ2025-Box5/KTR-72502943/dpc-017-KTR-72502943.png,3,0.2031,0.1193,0.3444379069,monolayer,0.3012590436,no rouleaux
KTR-72502943,188,gs://tanzania_02032026/TZ2025-Box5/KTR-72502943/dpc-188-KTR-72502943.png,3,0.2031,0.1193,0.3488238147,monolayer,0.3213093229,no rouleaux
KTR-72502943,282,gs://tanzania_02032026/TZ2025-Box5/KTR-72502943/dpc-282-KTR-72502943.png,3,0.2031,0.1193,0.3557366094,monolayer,0.3077227446,no rouleaux
KTR-72502943,195,gs://tanzania_02032026/TZ2025-Box5/KTR-72502943/dpc-195-KTR-72502943.png,3,0.2031,0.1193,0.3619003945,monolayer,0.3846007782,slight rouleaux
KTR-72502943,304,gs://tanzania_02032026/TZ2025-Box5/KTR-72502943/dpc-304-KTR-72502943.png,3,0.2031,0.1193,0.3691918859,monolayer,0.3139157624,no rouleaux
KTR-72502943,13,gs://tanzania_02032026/TZ2025-Box5/KTR-72502943/dpc-013-KTR-72502943.png,3,0.2031,0.1193,0.3731816211,monolayer,0.3491044496,no rouleaux
KTR-72502943,286,gs://tanzania_02032026/TZ2025-Box5/KTR-72502943/dpc-286-KTR-72502943.png,3,0.2031,0.1193,0.3808667013,monolayer,0.332311113,no rouleaux
KTR-72502943,281,gs://tanzania_02032026/TZ2025-Box5/KTR-72502943/dpc-281-KTR-72502943.png,3,0.2031,0.1193,0.3841511913,monolayer,0.3625379106,no rouleaux
KTR-72502943,279,gs://tanzania_02032026/TZ2025-Box5/KTR-72502943/dpc-279-KTR-72502943.png,3,0.2031,0.1193,0.3948953302,monolayer,0.3537490653,no rouleaux
KTR-72502943,268,gs://tanzania_02032026/TZ2025-Box5/KTR-72502943/dpc-268-KTR-72502943.png,3,0.2031,0.1193,0.4560380017,slightly dense,0.4421976481,slight rouleaux
RUB-72501818,142,gs://tanzania_02032026/TZ2025-Box3/RUB-72501818/dpc-142-RUB-72501818.png,4,0.2596,0.2381,0.02075048814,sparser,0.02473964794,no rouleaux
RUB-72501818,232,gs://tanzania_02032026/TZ2025-Box3/RUB-72501818/dpc-232-RUB-72501818.png,4,0.2596,0.2381,0.02334531756,sparser,0.03136672333,no rouleaux
RUB-72501818,46,gs://tanzania_02032026/TZ2025-Box3/RUB-72501818/dpc-046-RUB-72501818.png,4,0.2596,0.2381,0.03106078493,sparser,0.04004108895,no rouleaux
RUB-72501818,100,gs://tanzania_02032026/TZ2025-Box3/RUB-72501818/dpc-100-RUB-72501818.png,4,0.2596,0.2381,0.03499108039,sparser,0.04567054552,no rouleaux
RUB-72501818,49,gs://tanzania_02032026/TZ2025-Box3/RUB-72501818/dpc-049-RUB-72501818.png,4,0.2596,0.2381,0.04171806788,sparser,0.04689103366,no rouleaux
RUB-72501818,51,gs://tanzania_02032026/TZ2025-Box3/RUB-72501818/dpc-051-RUB-72501818.png,4,0.2596,0.2381,0.04623353648,sparser,0.05850982114,no rouleaux
RUB-72501818,42,gs://tanzania_02032026/TZ2025-Box3/RUB-72501818/dpc-042-RUB-72501818.png,4,0.2596,0.2381,0.05055403898,sparser,0.06220870013,no rouleaux
RUB-72501818,33,gs://tanzania_02032026/TZ2025-Box3/RUB-72501818/dpc-033-RUB-72501818.png,4,0.2596,0.2381,0.05564337039,sparser,0.07158679321,no rouleaux
RUB-72501818,94,gs://tanzania_02032026/TZ2025-Box3/RUB-72501818/dpc-094-RUB-72501818.png,4,0.2596,0.2381,0.0630591533,sparser,0.06639106168,no rouleaux
RUB-72501818,60,gs://tanzania_02032026/TZ2025-Box3/RUB-72501818/dpc-060-RUB-72501818.png,4,0.2596,0.2381,0.06506795043,sparser,0.07832625512,no rouleaux
RUB-72501818,97,gs://tanzania_02032026/TZ2025-Box3/RUB-72501818/dpc-097-RUB-72501818.png,4,0.2596,0.2381,0.06776349347,sparser,0.08785072222,no rouleaux
RUB-72501818,143,gs://tanzania_02032026/TZ2025-Box3/RUB-72501818/dpc-143-RUB-72501818.png,4,0.2596,0.2381,0.07200189195,sparser,0.09589798415,no rouleaux
RUB-72501818,86,gs://tanzania_02032026/TZ2025-Box3/RUB-72501818/dpc-086-RUB-72501818.png,4,0.2596,0.2381,0.07880076369,sparser,0.1010337861,no rouleaux
RUB-72501818,90,gs://tanzania_02032026/TZ2025-Box3/RUB-72501818/dpc-090-RUB-72501818.png,4,0.2596,0.2381,0.08106085567,sparser,0.1083568979,no rouleaux
RUB-72501818,13,gs://tanzania_02032026/TZ2025-Box3/RUB-72501818/dpc-013-RUB-72501818.png,4,0.2596,0.2381,0.08690602107,sparser,0.08063671142,no rouleaux
RUB-72501818,114,gs://tanzania_02032026/TZ2025-Box3/RUB-72501818/dpc-114-RUB-72501818.png,4,0.2596,0.2381,0.08944747359,sparser,0.1190948448,no rouleaux
RUB-72501818,29,gs://tanzania_02032026/TZ2025-Box3/RUB-72501818/dpc-029-RUB-72501818.png,4,0.2596,0.2381,0.09027983375,sparser,0.1122521449,no rouleaux
RUB-72501818,57,gs://tanzania_02032026/TZ2025-Box3/RUB-72501818/dpc-057-RUB-72501818.png,4,0.2596,0.2381,0.09830783363,sparser,0.1002364483,no rouleaux
RUB-72501818,111,gs://tanzania_02032026/TZ2025-Box3/RUB-72501818/dpc-111-RUB-72501818.png,4,0.2596,0.2381,0.101276856,sparser,0.1091977617,no rouleaux
RUB-72501818,14,gs://tanzania_02032026/TZ2025-Box3/RUB-72501818/dpc-014-RUB-72501818.png,4,0.2596,0.2381,0.1044277327,sparser,0.129254825,no rouleaux
RUB-72501818,41,gs://tanzania_02032026/TZ2025-Box3/RUB-72501818/dpc-041-RUB-72501818.png,4,0.2596,0.2381,0.1068031577,sparser,0.113128199,no rouleaux
RUB-72501818,59,gs://tanzania_02032026/TZ2025-Box3/RUB-72501818/dpc-059-RUB-72501818.png,4,0.2596,0.2381,0.1089713777,sparser,0.1151850207,no rouleaux
RUB-72501818,112,gs://tanzania_02032026/TZ2025-Box3/RUB-72501818/dpc-112-RUB-72501818.png,4,0.2596,0.2381,0.1120775817,sparser,0.1243636301,no rouleaux
RUB-72501818,56,gs://tanzania_02032026/TZ2025-Box3/RUB-72501818/dpc-056-RUB-72501818.png,4,0.2596,0.2381,0.1222006236,sparser,0.1299014108,no rouleaux
RUB-72501818,76,gs://tanzania_02032026/TZ2025-Box3/RUB-72501818/dpc-076-RUB-72501818.png,4,0.2596,0.2381,0.1289476429,sparser,0.1346835942,no rouleaux
RUB-72501818,62,gs://tanzania_02032026/TZ2025-Box3/RUB-72501818/dpc-062-RUB-72501818.png,4,0.2596,0.2381,0.1338426194,sparser,0.1462477356,no rouleaux
RUB-72501818,8,gs://tanzania_02032026/TZ2025-Box3/RUB-72501818/dpc-008-RUB-72501818.png,4,0.2596,0.2381,0.1413844788,sparser,0.1460120935,no rouleaux
RUB-72501818,23,gs://tanzania_02032026/TZ2025-Box3/RUB-72501818/dpc-023-RUB-72501818.png,4,0.2596,0.2381,0.1521682711,sparser,0.1520201314,no rouleaux
RUB-72501818,77,gs://tanzania_02032026/TZ2025-Box3/RUB-72501818/dpc-077-RUB-72501818.png,4,0.2596,0.2381,0.1560207902,sparser,0.1741518445,no rouleaux
RUB-72501818,20,gs://tanzania_02032026/TZ2025-Box3/RUB-72501818/dpc-020-RUB-72501818.png,4,0.2596,0.2381,0.167147831,sparser,0.1600619987,no rouleaux
RUB-72501818,21,gs://tanzania_02032026/TZ2025-Box3/RUB-72501818/dpc-021-RUB-72501818.png,4,0.2596,0.2381,0.1772131889,sparser,0.1615941407,no rouleaux
RUB-72501818,3,gs://tanzania_02032026/TZ2025-Box3/RUB-72501818/dpc-003-RUB-72501818.png,4,0.2596,0.2381,0.2044408232,sparser,0.1881735003,no rouleaux
RUB-72501818,6,gs://tanzania_02032026/TZ2025-Box3/RUB-72501818/dpc-006-RUB-72501818.png,4,0.2596,0.2381,0.2111879092,sparser,0.2279190061,no rouleaux
RUB-72501818,1,gs://tanzania_02032026/TZ2025-Box3/RUB-72501818/dpc-001-RUB-72501818.png,4,0.2596,0.2381,0.250662889,sparser,0.2158781352,no rouleaux
RUB-72501818,288,gs://tanzania_02032026/TZ2025-Box3/RUB-72501818/dpc-288-RUB-72501818.png,4,0.2596,0.2381,0.482433119,sparser,0.5321179505,no rouleaux
RUB-72501818,212,gs://tanzania_02032026/TZ2025-Box3/RUB-72501818/dpc-212-RUB-72501818.png,4,0.2596,0.2381,0.4831527958,sparser,0.5331197483,no rouleaux
RUB-72501818,306,gs://tanzania_02032026/TZ2025-Box3/RUB-72501818/dpc-306-RUB-72501818.png,4,0.2596,0.2381,0.4857497082,slightly dense,0.5321179505,some rouleaux
RUB-72501818,227,gs://tanzania_02032026/TZ2025-Box3/RUB-72501818/dpc-227-RUB-72501818.png,4,0.2596,0.2381,0.4884372721,slightly dense,0.539823709,some rouleaux
RUB-72501818,120,gs://tanzania_02032026/TZ2025-Box3/RUB-72501818/dpc-120-RUB-72501818.png,4,0.2596,0.2381,0.4887468299,sparser,0.5409067044,no rouleaux
RUB-72501818,287,gs://tanzania_02032026/TZ2025-Box3/RUB-72501818/dpc-287-RUB-72501818.png,4,0.2596,0.2381,0.4901547092,slightly dense,0.537892444,some rouleaux
RUB-72501818,186,gs://tanzania_02032026/TZ2025-Box3/RUB-72501818/dpc-186-RUB-72501818.png,4,0.2596,0.2381,0.4909922797,slightly dense,0.5321179505,some rouleaux
RUB-72501818,263,gs://tanzania_02032026/TZ2025-Box3/RUB-72501818/dpc-263-RUB-72501818.png,4,0.2596,0.2381,0.491454371,slightly dense,0.5354362709,some rouleaux
RUB-72501818,207,gs://tanzania_02032026/TZ2025-Box3/RUB-72501818/dpc-207-RUB-72501818.png,4,0.2596,0.2381,0.4919654238,slightly dense,0.5392586055,some rouleaux
RUB-72501818,223,gs://tanzania_02032026/TZ2025-Box3/RUB-72501818/dpc-223-RUB-72501818.png,4,0.2596,0.2381,0.4937109652,slightly dense,0.5321179505,some rouleaux
RUB-72501818,206,gs://tanzania_02032026/TZ2025-Box3/RUB-72501818/dpc-206-RUB-72501818.png,4,0.2596,0.2381,0.4938918172,slightly dense,0.5356831214,some rouleaux
RUB-72501818,213,gs://tanzania_02032026/TZ2025-Box3/RUB-72501818/dpc-213-RUB-72501818.png,4,0.2596,0.2381,0.4952674318,sparser,0.5492784835,no rouleaux
RUB-72501818,241,gs://tanzania_02032026/TZ2025-Box3/RUB-72501818/dpc-241-RUB-72501818.png,4,0.2596,0.2381,0.4963395547,slightly dense,0.5321179505,some rouleaux
RUB-72501818,298,gs://tanzania_02032026/TZ2025-Box3/RUB-72501818/dpc-298-RUB-72501818.png,4,0.2596,0.2381,0.4985797296,slightly dense,0.5321179505,some rouleaux
RUB-72501818,205,gs://tanzania_02032026/TZ2025-Box3/RUB-72501818/dpc-205-RUB-72501818.png,4,0.2596,0.2381,0.4992625166,slightly dense,0.5467772259,some rouleaux
RUB-72501818,151,gs://tanzania_02032026/TZ2025-Box3/RUB-72501818/dpc-151-RUB-72501818.png,4,0.2596,0.2381,0.5010006722,slightly dense,0.5489047466,some rouleaux
RUB-72501818,317,gs://tanzania_02032026/TZ2025-Box3/RUB-72501818/dpc-317-RUB-72501818.png,4,0.2596,0.2381,0.5036477124,slightly dense,0.5363853831,some rouleaux
RUB-72501818,259,gs://tanzania_02032026/TZ2025-Box3/RUB-72501818/dpc-259-RUB-72501818.png,4,0.2596,0.2381,0.5050251343,slightly dense,0.5458241641,some rouleaux
RUB-72501818,316,gs://tanzania_02032026/TZ2025-Box3/RUB-72501818/dpc-316-RUB-72501818.png,4,0.2596,0.2381,0.5056545759,slightly dense,0.5321179505,some rouleaux
RUB-72501818,169,gs://tanzania_02032026/TZ2025-Box3/RUB-72501818/dpc-169-RUB-72501818.png,4,0.2596,0.2381,0.5070754592,slightly dense,0.551388296,some rouleaux
RUB-72501818,313,gs://tanzania_02032026/TZ2025-Box3/RUB-72501818/dpc-313-RUB-72501818.png,4,0.2596,0.2381,0.5078737017,slightly dense,0.5321179505,some rouleaux
RUB-72501818,279,gs://tanzania_02032026/TZ2025-Box3/RUB-72501818/dpc-279-RUB-72501818.png,4,0.2596,0.2381,0.5085548048,slightly dense,0.5479685406,some rouleaux
RUB-72501818,248,gs://tanzania_02032026/TZ2025-Box3/RUB-72501818/dpc-248-RUB-72501818.png,4,0.2596,0.2381,0.5116682249,slightly dense,0.5666078502,rouleaux
RUB-72501818,231,gs://tanzania_02032026/TZ2025-Box3/RUB-72501818/dpc-231-RUB-72501818.png,4,0.2596,0.2381,0.5139827095,sparser,0.5730024244,no rouleaux
RUB-72501818,216,gs://tanzania_02032026/TZ2025-Box3/RUB-72501818/dpc-216-RUB-72501818.png,4,0.2596,0.2381,0.5151281137,sparser,0.5761151458,no rouleaux
RUB-72501818,272,gs://tanzania_02032026/TZ2025-Box3/RUB-72501818/dpc-272-RUB-72501818.png,4,0.2596,0.2381,0.5161649876,slightly dense,0.5367093066,some rouleaux
RUB-72501818,219,gs://tanzania_02032026/TZ2025-Box3/RUB-72501818/dpc-219-RUB-72501818.png,4,0.2596,0.2381,0.5186260503,slightly dense,0.5531971125,some rouleaux
RUB-72501818,249,gs://tanzania_02032026/TZ2025-Box3/RUB-72501818/dpc-249-RUB-72501818.png,4,0.2596,0.2381,0.519845914,slightly dense,0.5729784852,rouleaux
RUB-72501818,253,gs://tanzania_02032026/TZ2025-Box3/RUB-72501818/dpc-253-RUB-72501818.png,4,0.2596,0.2381,0.5217162612,slightly dense,0.5407177388,some rouleaux
RUB-72501818,136,gs://tanzania_02032026/TZ2025-Box3/RUB-72501818/dpc-136-RUB-72501818.png,4,0.2596,0.2381,0.5256065058,sparser,0.5883821157,no rouleaux
RUB-72501818,175,gs://tanzania_02032026/TZ2025-Box3/RUB-72501818/dpc-175-RUB-72501818.png,4,0.2596,0.2381,0.5272538881,slightly dense,0.5886226142,rouleaux
RUB-72501818,152,gs://tanzania_02032026/TZ2025-Box3/RUB-72501818/dpc-152-RUB-72501818.png,4,0.2596,0.2381,0.5284910074,slightly dense,0.5811165028,rouleaux
RUB-72501818,182,gs://tanzania_02032026/TZ2025-Box3/RUB-72501818/dpc-182-RUB-72501818.png,4,0.2596,0.2381,0.5295142284,slightly dense,0.5684849491,rouleaux
RUB-72501818,252,gs://tanzania_02032026/TZ2025-Box3/RUB-72501818/dpc-252-RUB-72501818.png,4,0.2596,0.2381,0.5339598018,sparser,0.6015067373,no rouleaux
RUB-72501818,204,gs://tanzania_02032026/TZ2025-Box3/RUB-72501818/dpc-204-RUB-72501818.png,4,0.2596,0.2381,0.5350619676,slightly dense,0.5920977217,rouleaux
RUB-72501818,188,gs://tanzania_02032026/TZ2025-Box3/RUB-72501818/dpc-188-RUB-72501818.png,4,0.2596,0.2381,0.5354917272,slightly dense,0.5925309464,rouleaux
RUB-72501818,102,gs://tanzania_02032026/TZ2025-Box3/RUB-72501818/dpc-102-RUB-72501818.png,4,0.2596,0.2381,0.5368245385,sparser,0.6040527753,no rouleaux
RUB-72501818,103,gs://tanzania_02032026/TZ2025-Box3/RUB-72501818/dpc-103-RUB-72501818.png,4,0.2596,0.2381,0.5390296999,sparser,0.6088059121,no rouleaux
RUB-72501818,189,gs://tanzania_02032026/TZ2025-Box3/RUB-72501818/dpc-189-RUB-72501818.png,4,0.2596,0.2381,0.5415490787,slightly dense,0.6006487649,rouleaux
RUB-72501818,135,gs://tanzania_02032026/TZ2025-Box3/RUB-72501818/dpc-135-RUB-72501818.png,4,0.2596,0.2381,0.5469161139,slightly dense,0.6115722791,rouleaux
RUB-72501818,251,gs://tanzania_02032026/TZ2025-Box3/RUB-72501818/dpc-251-RUB-72501818.png,4,0.2596,0.2381,0.5527044588,slightly dense,0.6174876938,rouleaux
RUB-72501818,165,gs://tanzania_02032026/TZ2025-Box3/RUB-72501818/dpc-165-RUB-72501818.png,4,0.2596,0.2381,0.5563821327,slightly dense,0.6014351367,rouleaux
RUB-72501818,291,gs://tanzania_02032026/TZ2025-Box3/RUB-72501818/dpc-291-RUB-72501818.png,4,0.2596,0.2381,0.5638739359,slightly dense,0.5934186978,rouleaux
RUB-72501818,163,gs://tanzania_02032026/TZ2025-Box3/RUB-72501818/dpc-163-RUB-72501818.png,4,0.2596,0.2381,0.5725721711,slightly dense,0.5952813931,rouleaux
RUB-72501818,311,gs://tanzania_02032026/TZ2025-Box3/RUB-72501818/dpc-311-RUB-72501818.png,4,0.2596,0.2381,0.5969358244,dense,0.6438246553,rouleaux
RUB-72501818,234,gs://tanzania_02032026/TZ2025-Box3/RUB-72501818/dpc-234-RUB-72501818.png,4,0.2596,0.2381,0.6082324289,sparser,0.7019017511,no rouleaux
RUB-72501818,236,gs://tanzania_02032026/TZ2025-Box3/RUB-72501818/dpc-236-RUB-72501818.png,4,0.2596,0.2381,0.6537881185,dense,0.7314542786,heavy rouleaux
RUB-72501749,174,gs://tanzania_02032026/TZ2025-Box3/RUB-72501749/dpc-174-RUB-72501749.png,5,0.3253,0.1904,0.03041978546,sparser,0.03665519844,no rouleaux
RUB-72501749,176,gs://tanzania_02032026/TZ2025-Box3/RUB-72501749/dpc-176-RUB-72501749.png,5,0.3253,0.1904,0.04377023915,sparser,0.05507769941,no rouleaux
RUB-72501749,173,gs://tanzania_02032026/TZ2025-Box3/RUB-72501749/dpc-173-RUB-72501749.png,5,0.3253,0.1904,0.04663895699,sparser,0.05741322557,no rouleaux
RUB-72501749,167,gs://tanzania_02032026/TZ2025-Box3/RUB-72501749/dpc-167-RUB-72501749.png,5,0.3253,0.1904,0.05511756518,sparser,0.06225358725,no rouleaux
RUB-72501749,138,gs://tanzania_02032026/TZ2025-Box3/RUB-72501749/dpc-138-RUB-72501749.png,5,0.3253,0.1904,0.06659695235,sparser,0.07398937159,no rouleaux
RUB-72501749,160,gs://tanzania_02032026/TZ2025-Box3/RUB-72501749/dpc-160-RUB-72501749.png,5,0.3253,0.1904,0.07129665915,sparser,0.09474010463,no rouleaux
RUB-72501749,179,gs://tanzania_02032026/TZ2025-Box3/RUB-72501749/dpc-179-RUB-72501749.png,5,0.3253,0.1904,0.07576666639,sparser,0.09889185165,no rouleaux
RUB-72501749,153,gs://tanzania_02032026/TZ2025-Box3/RUB-72501749/dpc-153-RUB-72501749.png,5,0.3253,0.1904,0.08430246907,sparser,0.1040828899,no rouleaux
RUB-72501749,89,gs://tanzania_02032026/TZ2025-Box3/RUB-72501749/dpc-089-RUB-72501749.png,5,0.3253,0.1904,0.09408957834,sparser,0.09378720052,no rouleaux
RUB-72501749,158,gs://tanzania_02032026/TZ2025-Box3/RUB-72501749/dpc-158-RUB-72501749.png,5,0.3253,0.1904,0.09825500172,sparser,0.1279385084,no rouleaux
RUB-72501749,172,gs://tanzania_02032026/TZ2025-Box3/RUB-72501749/dpc-172-RUB-72501749.png,5,0.3253,0.1904,0.1108042228,sparser,0.135014573,no rouleaux
RUB-72501749,131,gs://tanzania_02032026/TZ2025-Box3/RUB-72501749/dpc-131-RUB-72501749.png,5,0.3253,0.1904,0.1152969315,sparser,0.123515415,no rouleaux
RUB-72501749,166,gs://tanzania_02032026/TZ2025-Box3/RUB-72501749/dpc-166-RUB-72501749.png,5,0.3253,0.1904,0.1195517437,sparser,0.1298637529,no rouleaux
RUB-72501749,147,gs://tanzania_02032026/TZ2025-Box3/RUB-72501749/dpc-147-RUB-72501749.png,5,0.3253,0.1904,0.1253741588,sparser,0.1176072395,no rouleaux
RUB-72501749,150,gs://tanzania_02032026/TZ2025-Box3/RUB-72501749/dpc-150-RUB-72501749.png,5,0.3253,0.1904,0.1381651517,sparser,0.1760331577,no rouleaux
RUB-72501749,193,gs://tanzania_02032026/TZ2025-Box3/RUB-72501749/dpc-193-RUB-72501749.png,5,0.3253,0.1904,0.1477777612,sparser,0.1711265666,no rouleaux
RUB-72501749,211,gs://tanzania_02032026/TZ2025-Box3/RUB-72501749/dpc-211-RUB-72501749.png,5,0.3253,0.1904,0.1530174333,sparser,0.1544868377,no rouleaux
RUB-72501749,124,gs://tanzania_02032026/TZ2025-Box3/RUB-72501749/dpc-124-RUB-72501749.png,5,0.3253,0.1904,0.1657666784,sparser,0.1730461336,no rouleaux
RUB-72501749,212,gs://tanzania_02032026/TZ2025-Box3/RUB-72501749/dpc-212-RUB-72501749.png,5,0.3253,0.1904,0.1686297097,sparser,0.1637771578,no rouleaux
RUB-72501749,99,gs://tanzania_02032026/TZ2025-Box3/RUB-72501749/dpc-099-RUB-72501749.png,5,0.3253,0.1904,0.1714534027,sparser,0.1746558354,no rouleaux
RUB-72501749,95,gs://tanzania_02032026/TZ2025-Box3/RUB-72501749/dpc-095-RUB-72501749.png,5,0.3253,0.1904,0.1763026036,sparser,0.1816149085,no rouleaux
RUB-72501749,185,gs://tanzania_02032026/TZ2025-Box3/RUB-72501749/dpc-185-RUB-72501749.png,5,0.3253,0.1904,0.1815943908,sparser,0.1656613257,no rouleaux
RUB-72501749,84,gs://tanzania_02032026/TZ2025-Box3/RUB-72501749/dpc-084-RUB-72501749.png,5,0.3253,0.1904,0.1955125733,sparser,0.1713606866,no rouleaux
RUB-72501749,77,gs://tanzania_02032026/TZ2025-Box3/RUB-72501749/dpc-077-RUB-72501749.png,5,0.3253,0.1904,0.1988857629,sparser,0.179743603,no rouleaux
RUB-72501749,100,gs://tanzania_02032026/TZ2025-Box3/RUB-72501749/dpc-100-RUB-72501749.png,5,0.3253,0.1904,0.2095313367,sparser,0.2016419508,no rouleaux
RUB-72501749,203,gs://tanzania_02032026/TZ2025-Box3/RUB-72501749/dpc-203-RUB-72501749.png,5,0.3253,0.1904,0.2115513864,sparser,0.2043504253,no rouleaux
RUB-72501749,67,gs://tanzania_02032026/TZ2025-Box3/RUB-72501749/dpc-067-RUB-72501749.png,5,0.3253,0.1904,0.2176116872,sparser,0.2153490966,no rouleaux
RUB-72501749,202,gs://tanzania_02032026/TZ2025-Box3/RUB-72501749/dpc-202-RUB-72501749.png,5,0.3253,0.1904,0.2241108244,sparser,0.2035987694,no rouleaux
RUB-72501749,83,gs://tanzania_02032026/TZ2025-Box3/RUB-72501749/dpc-083-RUB-72501749.png,5,0.3253,0.1904,0.2264655986,sparser,0.2010433265,no rouleaux
RUB-72501749,62,gs://tanzania_02032026/TZ2025-Box3/RUB-72501749/dpc-062-RUB-72501749.png,5,0.3253,0.1904,0.2354997241,sparser,0.2378412387,no rouleaux
RUB-72501749,220,gs://tanzania_02032026/TZ2025-Box3/RUB-72501749/dpc-220-RUB-72501749.png,5,0.3253,0.1904,0.2427861916,sparser,0.2178761485,no rouleaux
RUB-72501749,187,gs://tanzania_02032026/TZ2025-Box3/RUB-72501749/dpc-187-RUB-72501749.png,5,0.3253,0.1904,0.2508001478,sparser,0.244331253,no rouleaux
RUB-72501749,225,gs://tanzania_02032026/TZ2025-Box3/RUB-72501749/dpc-225-RUB-72501749.png,5,0.3253,0.1904,0.2583524714,sparser,0.2439997897,no rouleaux
RUB-72501749,58,gs://tanzania_02032026/TZ2025-Box3/RUB-72501749/dpc-058-RUB-72501749.png,5,0.3253,0.1904,0.2644769903,sparser,0.2606939368,no rouleaux
RUB-72501749,65,gs://tanzania_02032026/TZ2025-Box3/RUB-72501749/dpc-065-RUB-72501749.png,5,0.3253,0.1904,0.2684350848,sparser,0.2715580795,no rouleaux
RUB-72501749,230,gs://tanzania_02032026/TZ2025-Box3/RUB-72501749/dpc-230-RUB-72501749.png,5,0.3253,0.1904,0.2792156492,sparser,0.2876432066,no rouleaux
RUB-72501749,113,gs://tanzania_02032026/TZ2025-Box3/RUB-72501749/dpc-113-RUB-72501749.png,5,0.3253,0.1904,0.2846491893,sparser,0.2813148164,no rouleaux
RUB-72501749,51,gs://tanzania_02032026/TZ2025-Box3/RUB-72501749/dpc-051-RUB-72501749.png,5,0.3253,0.1904,0.2975537847,monolayer,0.2879785851,no rouleaux
RUB-72501749,119,gs://tanzania_02032026/TZ2025-Box3/RUB-72501749/dpc-119-RUB-72501749.png,5,0.3253,0.1904,0.300335945,monolayer,0.2898690528,no rouleaux
RUB-72501749,182,gs://tanzania_02032026/TZ2025-Box3/RUB-72501749/dpc-182-RUB-72501749.png,5,0.3253,0.1904,0.3054296243,monolayer,0.2599224081,no rouleaux
RUB-72501749,17,gs://tanzania_02032026/TZ2025-Box3/RUB-72501749/dpc-017-RUB-72501749.png,5,0.3253,0.1904,0.3105628003,monolayer,0.2701994141,no rouleaux
RUB-72501749,145,gs://tanzania_02032026/TZ2025-Box3/RUB-72501749/dpc-145-RUB-72501749.png,5,0.3253,0.1904,0.3188016254,monolayer,0.2842893485,no rouleaux
RUB-72501749,219,gs://tanzania_02032026/TZ2025-Box3/RUB-72501749/dpc-219-RUB-72501749.png,5,0.3253,0.1904,0.3261634582,monolayer,0.2899655628,no rouleaux
RUB-72501749,251,gs://tanzania_02032026/TZ2025-Box3/RUB-72501749/dpc-251-RUB-72501749.png,5,0.3253,0.1904,0.3359680749,monolayer,0.3463882225,no rouleaux
RUB-72501749,74,gs://tanzania_02032026/TZ2025-Box3/RUB-72501749/dpc-074-RUB-72501749.png,5,0.3253,0.1904,0.3548261276,monolayer,0.3428038185,no rouleaux
RUB-72501749,114,gs://tanzania_02032026/TZ2025-Box3/RUB-72501749/dpc-114-RUB-72501749.png,5,0.3253,0.1904,0.3563773759,monolayer,0.366840238,no rouleaux
RUB-72501749,201,gs://tanzania_02032026/TZ2025-Box3/RUB-72501749/dpc-201-RUB-72501749.png,5,0.3253,0.1904,0.3627861791,monolayer,0.3571102143,no rouleaux
RUB-72501749,238,gs://tanzania_02032026/TZ2025-Box3/RUB-72501749/dpc-238-RUB-72501749.png,5,0.3253,0.1904,0.3727479165,monolayer,0.3582444529,no rouleaux
RUB-72501749,265,gs://tanzania_02032026/TZ2025-Box3/RUB-72501749/dpc-265-RUB-72501749.png,5,0.3253,0.1904,0.3823142129,monolayer,0.3829167316,slight rouleaux
RUB-72501749,50,gs://tanzania_02032026/TZ2025-Box3/RUB-72501749/dpc-050-RUB-72501749.png,5,0.3253,0.1904,0.3952989962,monolayer,0.3780959527,slight rouleaux
RUB-72501749,237,gs://tanzania_02032026/TZ2025-Box3/RUB-72501749/dpc-237-RUB-72501749.png,5,0.3253,0.1904,0.41097225,monolayer,0.3759346619,slight rouleaux
RUB-72501749,240,gs://tanzania_02032026/TZ2025-Box3/RUB-72501749/dpc-240-RUB-72501749.png,5,0.3253,0.1904,0.4181697327,monolayer,0.4195378824,slight rouleaux
RUB-72501749,200,gs://tanzania_02032026/TZ2025-Box3/RUB-72501749/dpc-200-RUB-72501749.png,5,0.3253,0.1904,0.4196221701,monolayer,0.3961633838,slight rouleaux
RUB-72501749,304,gs://tanzania_02032026/TZ2025-Box3/RUB-72501749/dpc-304-RUB-72501749.png,5,0.3253,0.1904,0.4258501733,monolayer,0.4011744836,slight rouleaux
RUB-72501749,241,gs://tanzania_02032026/TZ2025-Box3/RUB-72501749/dpc-241-RUB-72501749.png,5,0.3253,0.1904,0.4382277383,monolayer,0.4343111921,slight rouleaux
RUB-72501749,31,gs://tanzania_02032026/TZ2025-Box3/RUB-72501749/dpc-031-RUB-72501749.png,5,0.3253,0.1904,0.445127059,slightly dense,0.4027449233,slight rouleaux
RUB-72501749,286,gs://tanzania_02032026/TZ2025-Box3/RUB-72501749/dpc-286-RUB-72501749.png,5,0.3253,0.1904,0.459895035,slightly dense,0.4424803483,slight rouleaux
RUB-72501749,49,gs://tanzania_02032026/TZ2025-Box3/RUB-72501749/dpc-049-RUB-72501749.png,5,0.3253,0.1904,0.4716854719,slightly dense,0.4669955881,some rouleaux
RUB-72501749,275,gs://tanzania_02032026/TZ2025-Box3/RUB-72501749/dpc-275-RUB-72501749.png,5,0.3253,0.1904,0.4763572178,slightly dense,0.4536016464,some rouleaux
RUB-72501749,9,gs://tanzania_02032026/TZ2025-Box3/RUB-72501749/dpc-009-RUB-72501749.png,5,0.3253,0.1904,0.4944463895,slightly dense,0.4563839714,some rouleaux
RUB-72501749,303,gs://tanzania_02032026/TZ2025-Box3/RUB-72501749/dpc-303-RUB-72501749.png,5,0.3253,0.1904,0.5046839179,slightly dense,0.4809145305,some rouleaux
RUB-72501749,24,gs://tanzania_02032026/TZ2025-Box3/RUB-72501749/dpc-024-RUB-72501749.png,5,0.3253,0.1904,0.5090817209,slightly dense,0.4678937672,some rouleaux
RUB-72501749,308,gs://tanzania_02032026/TZ2025-Box3/RUB-72501749/dpc-308-RUB-72501749.png,5,0.3253,0.1904,0.5154928816,slightly dense,0.4459635623,slight rouleaux
RUB-72501749,290,gs://tanzania_02032026/TZ2025-Box3/RUB-72501749/dpc-290-RUB-72501749.png,5,0.3253,0.1904,0.5287501232,slightly dense,0.464863895,some rouleaux
RUB-72501749,41,gs://tanzania_02032026/TZ2025-Box3/RUB-72501749/dpc-041-RUB-72501749.png,5,0.3253,0.1904,0.5333419103,slightly dense,0.4867906986,some rouleaux
RUB-72501749,42,gs://tanzania_02032026/TZ2025-Box3/RUB-72501749/dpc-042-RUB-72501749.png,5,0.3253,0.1904,0.5367254646,slightly dense,0.4997127223,some rouleaux
RUB-72501749,254,gs://tanzania_02032026/TZ2025-Box3/RUB-72501749/dpc-254-RUB-72501749.png,5,0.3253,0.1904,0.540767518,slightly dense,0.4695403228,some rouleaux
RUB-72501749,21,gs://tanzania_02032026/TZ2025-Box3/RUB-72501749/dpc-021-RUB-72501749.png,5,0.3253,0.1904,0.5524121355,slightly dense,0.4876875248,some rouleaux
RUB-72501749,19,gs://tanzania_02032026/TZ2025-Box3/RUB-72501749/dpc-019-RUB-72501749.png,5,0.3253,0.1904,0.5555840168,slightly dense,0.4863947032,some rouleaux
RUB-72501749,311,gs://tanzania_02032026/TZ2025-Box3/RUB-72501749/dpc-311-RUB-72501749.png,5,0.3253,0.1904,0.5592592514,slightly dense,0.5321805235,some rouleaux
RUB-72501749,46,gs://tanzania_02032026/TZ2025-Box3/RUB-72501749/dpc-046-RUB-72501749.png,5,0.3253,0.1904,0.5650805453,slightly dense,0.5337783924,some rouleaux
RUB-72501749,20,gs://tanzania_02032026/TZ2025-Box3/RUB-72501749/dpc-020-RUB-72501749.png,5,0.3253,0.1904,0.5700308411,slightly dense,0.5015046696,some rouleaux
RUB-72501749,319,gs://tanzania_02032026/TZ2025-Box3/RUB-72501749/dpc-319-RUB-72501749.png,5,0.3253,0.1904,0.57355623,slightly dense,0.5446713622,some rouleaux
RUB-72501749,283,gs://tanzania_02032026/TZ2025-Box3/RUB-72501749/dpc-283-RUB-72501749.png,5,0.3253,0.1904,0.5836627363,slightly dense,0.5534396546,rouleaux
RUB-72501749,317,gs://tanzania_02032026/TZ2025-Box3/RUB-72501749/dpc-317-RUB-72501749.png,5,0.3253,0.1904,0.5887751807,dense,0.5514977443,some rouleaux
RUB-72501749,29,gs://tanzania_02032026/TZ2025-Box3/RUB-72501749/dpc-029-RUB-72501749.png,5,0.3253,0.1904,0.5963776821,dense,0.5567964625,rouleaux
RUB-72501749,313,gs://tanzania_02032026/TZ2025-Box3/RUB-72501749/dpc-313-RUB-72501749.png,5,0.3253,0.1904,0.6111765584,dense,0.5760990104,rouleaux
RUB-72501749,28,gs://tanzania_02032026/TZ2025-Box3/RUB-72501749/dpc-028-RUB-72501749.png,5,0.3253,0.1904,0.6186101055,dense,0.5797425917,rouleaux
RUB-72501749,289,gs://tanzania_02032026/TZ2025-Box3/RUB-72501749/dpc-289-RUB-72501749.png,5,0.3253,0.1904,0.6311105128,dense,0.5850283686,rouleaux
RUB-72501749,295,gs://tanzania_02032026/TZ2025-Box3/RUB-72501749/dpc-295-RUB-72501749.png,5,0.3253,0.1904,0.640387586,dense,0.6180993607,rouleaux
RUB-72501749,199,gs://tanzania_02032026/TZ2025-Box3/RUB-72501749/dpc-199-RUB-72501749.png,5,0.3253,0.1904,0.7057395675,dense,0.6905038134,heavy rouleaux
RUB-62501495,223,gs://tanzania_02032026/TZ2025-Box3/RUB-62501495/dpc-223-RUB-62501495.png,6,0.3712,0.1313,0.0924612846,sparser,0.06368934278,no rouleaux
RUB-62501495,184,gs://tanzania_02032026/TZ2025-Box3/RUB-62501495/dpc-184-RUB-62501495.png,6,0.3712,0.1313,0.1085129651,sparser,0.1132851562,no rouleaux
RUB-62501495,225,gs://tanzania_02032026/TZ2025-Box3/RUB-62501495/dpc-225-RUB-62501495.png,6,0.3712,0.1313,0.1190414261,sparser,0.08036011539,no rouleaux
RUB-62501495,188,gs://tanzania_02032026/TZ2025-Box3/RUB-62501495/dpc-188-RUB-62501495.png,6,0.3712,0.1313,0.1303276847,sparser,0.1225870775,no rouleaux
RUB-62501495,224,gs://tanzania_02032026/TZ2025-Box3/RUB-62501495/dpc-224-RUB-62501495.png,6,0.3712,0.1313,0.1364005744,sparser,0.1122960729,no rouleaux
RUB-62501495,202,gs://tanzania_02032026/TZ2025-Box3/RUB-62501495/dpc-202-RUB-62501495.png,6,0.3712,0.1313,0.1462599982,sparser,0.1289537514,no rouleaux
RUB-62501495,170,gs://tanzania_02032026/TZ2025-Box3/RUB-62501495/dpc-170-RUB-62501495.png,6,0.3712,0.1313,0.155100397,sparser,0.1403458571,no rouleaux
RUB-62501495,206,gs://tanzania_02032026/TZ2025-Box3/RUB-62501495/dpc-206-RUB-62501495.png,6,0.3712,0.1313,0.1626742759,sparser,0.1608518087,no rouleaux
RUB-62501495,200,gs://tanzania_02032026/TZ2025-Box3/RUB-62501495/dpc-200-RUB-62501495.png,6,0.3712,0.1313,0.1731106945,sparser,0.1377118872,no rouleaux
RUB-62501495,208,gs://tanzania_02032026/TZ2025-Box3/RUB-62501495/dpc-208-RUB-62501495.png,6,0.3712,0.1313,0.1777108576,sparser,0.1716442258,no rouleaux
RUB-62501495,182,gs://tanzania_02032026/TZ2025-Box3/RUB-62501495/dpc-182-RUB-62501495.png,6,0.3712,0.1313,0.1872082033,sparser,0.187204166,no rouleaux
RUB-62501495,217,gs://tanzania_02032026/TZ2025-Box3/RUB-62501495/dpc-217-RUB-62501495.png,6,0.3712,0.1313,0.197619214,sparser,0.1634776058,no rouleaux
RUB-62501495,199,gs://tanzania_02032026/TZ2025-Box3/RUB-62501495/dpc-199-RUB-62501495.png,6,0.3712,0.1313,0.2057904915,sparser,0.1797780759,no rouleaux
RUB-62501495,209,gs://tanzania_02032026/TZ2025-Box3/RUB-62501495/dpc-209-RUB-62501495.png,6,0.3712,0.1313,0.2126499845,sparser,0.2056275778,no rouleaux
RUB-62501495,171,gs://tanzania_02032026/TZ2025-Box3/RUB-62501495/dpc-171-RUB-62501495.png,6,0.3712,0.1313,0.2351325795,sparser,0.2255446151,no rouleaux
RUB-62501495,163,gs://tanzania_02032026/TZ2025-Box3/RUB-62501495/dpc-163-RUB-62501495.png,6,0.3712,0.1313,0.2373965316,sparser,0.2338129507,no rouleaux
RUB-62501495,97,gs://tanzania_02032026/TZ2025-Box3/RUB-62501495/dpc-097-RUB-62501495.png,6,0.3712,0.1313,0.2465481941,sparser,0.2018277025,no rouleaux
RUB-62501495,75,gs://tanzania_02032026/TZ2025-Box3/RUB-62501495/dpc-075-RUB-62501495.png,6,0.3712,0.1313,0.2635270322,sparser,0.2316205877,no rouleaux
RUB-62501495,116,gs://tanzania_02032026/TZ2025-Box3/RUB-62501495/dpc-116-RUB-62501495.png,6,0.3712,0.1313,0.2750446433,sparser,0.2477666215,no rouleaux
RUB-62501495,150,gs://tanzania_02032026/TZ2025-Box3/RUB-62501495/dpc-150-RUB-62501495.png,6,0.3712,0.1313,0.2822427701,sparser,0.2838332328,no rouleaux
RUB-62501495,198,gs://tanzania_02032026/TZ2025-Box3/RUB-62501495/dpc-198-RUB-62501495.png,6,0.3712,0.1313,0.2951739766,monolayer,0.3014935409,no rouleaux
RUB-62501495,57,gs://tanzania_02032026/TZ2025-Box3/RUB-62501495/dpc-057-RUB-62501495.png,6,0.3712,0.1313,0.299051985,monolayer,0.2739635245,no rouleaux
RUB-62501495,232,gs://tanzania_02032026/TZ2025-Box3/RUB-62501495/dpc-232-RUB-62501495.png,6,0.3712,0.1313,0.304665913,monolayer,0.289617149,no rouleaux
RUB-62501495,149,gs://tanzania_02032026/TZ2025-Box3/RUB-62501495/dpc-149-RUB-62501495.png,6,0.3712,0.1313,0.3103810582,monolayer,0.3243202619,no rouleaux
RUB-62501495,255,gs://tanzania_02032026/TZ2025-Box3/RUB-62501495/dpc-255-RUB-62501495.png,6,0.3712,0.1313,0.3172741788,monolayer,0.2678104326,no rouleaux
RUB-62501495,113,gs://tanzania_02032026/TZ2025-Box3/RUB-62501495/dpc-113-RUB-62501495.png,6,0.3712,0.1313,0.3235573244,monolayer,0.2998874406,no rouleaux
RUB-62501495,256,gs://tanzania_02032026/TZ2025-Box3/RUB-62501495/dpc-256-RUB-62501495.png,6,0.3712,0.1313,0.3322477069,monolayer,0.2864613089,no rouleaux
RUB-62501495,136,gs://tanzania_02032026/TZ2025-Box3/RUB-62501495/dpc-136-RUB-62501495.png,6,0.3712,0.1313,0.3379406951,monolayer,0.3170068806,no rouleaux
RUB-62501495,39,gs://tanzania_02032026/TZ2025-Box3/RUB-62501495/dpc-039-RUB-62501495.png,6,0.3712,0.1313,0.3437446592,monolayer,0.3066139475,no rouleaux
RUB-62501495,259,gs://tanzania_02032026/TZ2025-Box3/RUB-62501495/dpc-259-RUB-62501495.png,6,0.3712,0.1313,0.3463089992,monolayer,0.2999403111,no rouleaux
RUB-62501495,3,gs://tanzania_02032026/TZ2025-Box3/RUB-62501495/dpc-003-RUB-62501495.png,6,0.3712,0.1313,0.3498410691,monolayer,0.2881946676,no rouleaux
RUB-62501495,114,gs://tanzania_02032026/TZ2025-Box3/RUB-62501495/dpc-114-RUB-62501495.png,6,0.3712,0.1313,0.3578861464,monolayer,0.3433518685,no rouleaux
RUB-62501495,127,gs://tanzania_02032026/TZ2025-Box3/RUB-62501495/dpc-127-RUB-62501495.png,6,0.3712,0.1313,0.3617665076,monolayer,0.3470070936,no rouleaux
RUB-62501495,65,gs://tanzania_02032026/TZ2025-Box3/RUB-62501495/dpc-065-RUB-62501495.png,6,0.3712,0.1313,0.3648316352,monolayer,0.3437755467,no rouleaux
RUB-62501495,118,gs://tanzania_02032026/TZ2025-Box3/RUB-62501495/dpc-118-RUB-62501495.png,6,0.3712,0.1313,0.3680650537,monolayer,0.3473590922,no rouleaux
RUB-62501495,277,gs://tanzania_02032026/TZ2025-Box3/RUB-62501495/dpc-277-RUB-62501495.png,6,0.3712,0.1313,0.3740932197,monolayer,0.3275654739,no rouleaux
RUB-62501495,234,gs://tanzania_02032026/TZ2025-Box3/RUB-62501495/dpc-234-RUB-62501495.png,6,0.3712,0.1313,0.3775929569,monolayer,0.3584451232,no rouleaux
RUB-62501495,82,gs://tanzania_02032026/TZ2025-Box3/RUB-62501495/dpc-082-RUB-62501495.png,6,0.3712,0.1313,0.3808948036,monolayer,0.337496482,no rouleaux
RUB-62501495,32,gs://tanzania_02032026/TZ2025-Box3/RUB-62501495/dpc-032-RUB-62501495.png,6,0.3712,0.1313,0.3862243463,monolayer,0.3377490831,no rouleaux
RUB-62501495,6,gs://tanzania_02032026/TZ2025-Box3/RUB-62501495/dpc-006-RUB-62501495.png,6,0.3712,0.1313,0.3880710907,monolayer,0.3187752319,no rouleaux
RUB-62501495,50,gs://tanzania_02032026/TZ2025-Box3/RUB-62501495/dpc-050-RUB-62501495.png,6,0.3712,0.1313,0.3939389862,monolayer,0.3455421639,no rouleaux
RUB-62501495,34,gs://tanzania_02032026/TZ2025-Box3/RUB-62501495/dpc-034-RUB-62501495.png,6,0.3712,0.1313,0.3970459606,monolayer,0.3450647915,no rouleaux
RUB-62501495,52,gs://tanzania_02032026/TZ2025-Box3/RUB-62501495/dpc-052-RUB-62501495.png,6,0.3712,0.1313,0.4022088361,monolayer,0.3631831036,no rouleaux
RUB-62501495,9,gs://tanzania_02032026/TZ2025-Box3/RUB-62501495/dpc-009-RUB-62501495.png,6,0.3712,0.1313,0.4065118875,monolayer,0.3448566729,no rouleaux
RUB-62501495,160,gs://tanzania_02032026/TZ2025-Box3/RUB-62501495/dpc-160-RUB-62501495.png,6,0.3712,0.1313,0.4082188671,monolayer,0.3597305442,no rouleaux
RUB-62501495,29,gs://tanzania_02032026/TZ2025-Box3/RUB-62501495/dpc-029-RUB-62501495.png,6,0.3712,0.1313,0.4108123289,monolayer,0.3720813943,no rouleaux
RUB-62501495,23,gs://tanzania_02032026/TZ2025-Box3/RUB-62501495/dpc-023-RUB-62501495.png,6,0.3712,0.1313,0.4150954444,monolayer,0.3638864885,no rouleaux
RUB-62501495,280,gs://tanzania_02032026/TZ2025-Box3/RUB-62501495/dpc-280-RUB-62501495.png,6,0.3712,0.1313,0.4171408291,monolayer,0.3758701122,slight rouleaux
RUB-62501495,279,gs://tanzania_02032026/TZ2025-Box3/RUB-62501495/dpc-279-RUB-62501495.png,6,0.3712,0.1313,0.4182779699,monolayer,0.3536376877,no rouleaux
RUB-62501495,72,gs://tanzania_02032026/TZ2025-Box3/RUB-62501495/dpc-072-RUB-62501495.png,6,0.3712,0.1313,0.4205090767,monolayer,0.367909957,no rouleaux
RUB-62501495,63,gs://tanzania_02032026/TZ2025-Box3/RUB-62501495/dpc-063-RUB-62501495.png,6,0.3712,0.1313,0.422654597,monolayer,0.3800860504,slight rouleaux
RUB-62501495,309,gs://tanzania_02032026/TZ2025-Box3/RUB-62501495/dpc-309-RUB-62501495.png,6,0.3712,0.1313,0.4271694852,monolayer,0.3889250358,slight rouleaux
RUB-62501495,162,gs://tanzania_02032026/TZ2025-Box3/RUB-62501495/dpc-162-RUB-62501495.png,6,0.3712,0.1313,0.4304519946,monolayer,0.3824573819,slight rouleaux
RUB-62501495,144,gs://tanzania_02032026/TZ2025-Box3/RUB-62501495/dpc-144-RUB-62501495.png,6,0.3712,0.1313,0.4352655227,monolayer,0.3829274484,slight rouleaux
RUB-62501495,47,gs://tanzania_02032026/TZ2025-Box3/RUB-62501495/dpc-047-RUB-62501495.png,6,0.3712,0.1313,0.4398567157,monolayer,0.4078891499,slight rouleaux
RUB-62501495,214,gs://tanzania_02032026/TZ2025-Box3/RUB-62501495/dpc-214-RUB-62501495.png,6,0.3712,0.1313,0.4421580148,monolayer,0.4401766019,slight rouleaux
RUB-62501495,15,gs://tanzania_02032026/TZ2025-Box3/RUB-62501495/dpc-015-RUB-62501495.png,6,0.3712,0.1313,0.4471399857,slightly dense,0.3944206258,slight rouleaux
RUB-62501495,30,gs://tanzania_02032026/TZ2025-Box3/RUB-62501495/dpc-030-RUB-62501495.png,6,0.3712,0.1313,0.4476030791,slightly dense,0.3933786136,slight rouleaux
RUB-62501495,14,gs://tanzania_02032026/TZ2025-Box3/RUB-62501495/dpc-014-RUB-62501495.png,6,0.3712,0.1313,0.4487930674,slightly dense,0.3972361947,slight rouleaux
RUB-62501495,48,gs://tanzania_02032026/TZ2025-Box3/RUB-62501495/dpc-048-RUB-62501495.png,6,0.3712,0.1313,0.4517136104,slightly dense,0.408060989,slight rouleaux
RUB-62501495,314,gs://tanzania_02032026/TZ2025-Box3/RUB-62501495/dpc-314-RUB-62501495.png,6,0.3712,0.1313,0.4550725148,slightly dense,0.41172935,slight rouleaux
RUB-62501495,106,gs://tanzania_02032026/TZ2025-Box3/RUB-62501495/dpc-106-RUB-62501495.png,6,0.3712,0.1313,0.4578776648,slightly dense,0.4072427317,slight rouleaux
RUB-62501495,143,gs://tanzania_02032026/TZ2025-Box3/RUB-62501495/dpc-143-RUB-62501495.png,6,0.3712,0.1313,0.4624468454,slightly dense,0.418612564,slight rouleaux
RUB-62501495,42,gs://tanzania_02032026/TZ2025-Box3/RUB-62501495/dpc-042-RUB-62501495.png,6,0.3712,0.1313,0.4646827887,slightly dense,0.4444566218,slight rouleaux
RUB-62501495,122,gs://tanzania_02032026/TZ2025-Box3/RUB-62501495/dpc-122-RUB-62501495.png,6,0.3712,0.1313,0.4711678627,slightly dense,0.441204693,slight rouleaux
RUB-62501495,37,gs://tanzania_02032026/TZ2025-Box3/RUB-62501495/dpc-037-RUB-62501495.png,6,0.3712,0.1313,0.478940164,slightly dense,0.4561237375,some rouleaux
RUB-62501495,104,gs://tanzania_02032026/TZ2025-Box3/RUB-62501495/dpc-104-RUB-62501495.png,6,0.3712,0.1313,0.4865595294,slightly dense,0.4357804947,slight rouleaux
RUB-62501495,275,gs://tanzania_02032026/TZ2025-Box3/RUB-62501495/dpc-275-RUB-62501495.png,6,0.3712,0.1313,0.4947397847,slightly dense,0.4513747954,some rouleaux
RUB-62501495,281,gs://tanzania_02032026/TZ2025-Box3/RUB-62501495/dpc-281-RUB-62501495.png,6,0.3712,0.1313,0.498049831,slightly dense,0.4700738873,some rouleaux
RUB-62501495,272,gs://tanzania_02032026/TZ2025-Box3/RUB-62501495/dpc-272-RUB-62501495.png,6,0.3712,0.1313,0.5072115647,slightly dense,0.4787431388,some rouleaux
RUB-62501495,102,gs://tanzania_02032026/TZ2025-Box3/RUB-62501495/dpc-102-RUB-62501495.png,6,0.3712,0.1313,0.5128150308,slightly dense,0.4745481492,some rouleaux
RUB-62501495,315,gs://tanzania_02032026/TZ2025-Box3/RUB-62501495/dpc-315-RUB-62501495.png,6,0.3712,0.1313,0.5212036971,slightly dense,0.4801050185,some rouleaux
RUB-62501495,264,gs://tanzania_02032026/TZ2025-Box3/RUB-62501495/dpc-264-RUB-62501495.png,6,0.3712,0.1313,0.5285817731,slightly dense,0.4898840245,some rouleaux
RUB-62501495,284,gs://tanzania_02032026/TZ2025-Box3/RUB-62501495/dpc-284-RUB-62501495.png,6,0.3712,0.1313,0.5329440714,slightly dense,0.4837612132,some rouleaux
RUB-62501495,301,gs://tanzania_02032026/TZ2025-Box3/RUB-62501495/dpc-301-RUB-62501495.png,6,0.3712,0.1313,0.5469761702,slightly dense,0.5145531565,some rouleaux
RUB-62501495,271,gs://tanzania_02032026/TZ2025-Box3/RUB-62501495/dpc-271-RUB-62501495.png,6,0.3712,0.1313,0.5546128796,slightly dense,0.5301294104,some rouleaux
RUB-62501495,269,gs://tanzania_02032026/TZ2025-Box3/RUB-62501495/dpc-269-RUB-62501495.png,6,0.3712,0.1313,0.5664934707,slightly dense,0.5110011621,some rouleaux
RUB-62501495,253,gs://tanzania_02032026/TZ2025-Box3/RUB-62501495/dpc-253-RUB-62501495.png,6,0.3712,0.1313,0.5768052008,slightly dense,0.5650392602,rouleaux
RUB-62501495,267,gs://tanzania_02032026/TZ2025-Box3/RUB-62501495/dpc-267-RUB-62501495.png,6,0.3712,0.1313,0.5954727079,dense,0.5575748507,rouleaux
RUB-62501495,306,gs://tanzania_02032026/TZ2025-Box3/RUB-62501495/dpc-306-RUB-62501495.png,6,0.3712,0.1313,0.6213961945,dense,0.5932257993,rouleaux
RUB-62501495,286,gs://tanzania_02032026/TZ2025-Box3/RUB-62501495/dpc-286-RUB-62501495.png,6,0.3712,0.1313,0.6712617436,dense,0.6682107861,heavy rouleaux
KIT-62500670,234,gs://tanzania_02032026/TZ2025-Box1/KIT-62500670/dpc-234-KIT-62500670.png,7,0.4909,0.2767,0,sparser,0,no rouleaux
KIT-62500670,324,gs://tanzania_02032026/TZ2025-Box1/KIT-62500670/dpc-324-KIT-62500670.png,7,0.4909,0.2767,0.01403215459,sparser,0.01938597556,no rouleaux
KIT-62500670,284,gs://tanzania_02032026/TZ2025-Box1/KIT-62500670/dpc-284-KIT-62500670.png,7,0.4909,0.2767,0.07225750731,sparser,0.09783743943,no rouleaux
KIT-62500670,108,gs://tanzania_02032026/TZ2025-Box1/KIT-62500670/dpc-108-KIT-62500670.png,7,0.4909,0.2767,0.1181575973,sparser,0.1578307629,no rouleaux
KIT-62500670,176,gs://tanzania_02032026/TZ2025-Box1/KIT-62500670/dpc-176-KIT-62500670.png,7,0.4909,0.2767,0.1927090968,sparser,0.2516497657,no rouleaux
KIT-62500670,10,gs://tanzania_02032026/TZ2025-Box1/KIT-62500670/dpc-010-KIT-62500670.png,7,0.4909,0.2767,0.2280517884,sparser,0.1809077785,no rouleaux
KIT-62500670,89,gs://tanzania_02032026/TZ2025-Box1/KIT-62500670/dpc-089-KIT-62500670.png,7,0.4909,0.2767,0.2482504089,sparser,0.3211858551,no rouleaux
KIT-62500670,141,gs://tanzania_02032026/TZ2025-Box1/KIT-62500670/dpc-141-KIT-62500670.png,7,0.4909,0.2767,0.2536479548,sparser,0.3269889129,no rouleaux
KIT-62500670,194,gs://tanzania_02032026/TZ2025-Box1/KIT-62500670/dpc-194-KIT-62500670.png,7,0.4909,0.2767,0.2704403779,sparser,0.3269889129,no rouleaux
KIT-62500670,7,gs://tanzania_02032026/TZ2025-Box1/KIT-62500670/dpc-007-KIT-62500670.png,7,0.4909,0.2767,0.2931019946,monolayer,0.2490635638,no rouleaux
KIT-62500670,50,gs://tanzania_02032026/TZ2025-Box1/KIT-62500670/dpc-050-KIT-62500670.png,7,0.4909,0.2767,0.3253665264,monolayer,0.3856424112,slight rouleaux
KIT-62500670,143,gs://tanzania_02032026/TZ2025-Box1/KIT-62500670/dpc-143-KIT-62500670.png,7,0.4909,0.2767,0.3344279798,sparser,0.3683737243,no rouleaux
KIT-62500670,142,gs://tanzania_02032026/TZ2025-Box1/KIT-62500670/dpc-142-KIT-62500670.png,7,0.4909,0.2767,0.3506796252,monolayer,0.3790536851,slight rouleaux
KIT-62500670,305,gs://tanzania_02032026/TZ2025-Box1/KIT-62500670/dpc-305-KIT-62500670.png,7,0.4909,0.2767,0.3566231638,sparser,0.3928392456,no rouleaux
KIT-62500670,161,gs://tanzania_02032026/TZ2025-Box1/KIT-62500670/dpc-161-KIT-62500670.png,7,0.4909,0.2767,0.3576046119,sparser,0.3937875761,no rouleaux
KIT-62500670,68,gs://tanzania_02032026/TZ2025-Box1/KIT-62500670/dpc-068-KIT-62500670.png,7,0.4909,0.2767,0.3632600253,monolayer,0.4178714039,slight rouleaux
KIT-62500670,251,gs://tanzania_02032026/TZ2025-Box1/KIT-62500670/dpc-251-KIT-62500670.png,7,0.4909,0.2767,0.374470423,sparser,0.4121314681,no rouleaux
KIT-62500670,86,gs://tanzania_02032026/TZ2025-Box1/KIT-62500670/dpc-086-KIT-62500670.png,7,0.4909,0.2767,0.3876397689,monolayer,0.4320172807,slight rouleaux
KIT-62500670,179,gs://tanzania_02032026/TZ2025-Box1/KIT-62500670/dpc-179-KIT-62500670.png,7,0.4909,0.2767,0.4001883636,sparser,0.4403347765,no rouleaux
KIT-62500670,286,gs://tanzania_02032026/TZ2025-Box1/KIT-62500670/dpc-286-KIT-62500670.png,7,0.4909,0.2767,0.4031261637,sparser,0.4436396185,no rouleaux
KIT-62500670,2,gs://tanzania_02032026/TZ2025-Box1/KIT-62500670/dpc-002-KIT-62500670.png,7,0.4909,0.2767,0.4084401682,monolayer,0.3752910466,slight rouleaux
KIT-62500670,303,gs://tanzania_02032026/TZ2025-Box1/KIT-62500670/dpc-303-KIT-62500670.png,7,0.4909,0.2767,0.4092583622,sparser,0.4504159627,no rouleaux
KIT-62500670,267,gs://tanzania_02032026/TZ2025-Box1/KIT-62500670/dpc-267-KIT-62500670.png,7,0.4909,0.2767,0.413157011,sparser,0.4547689305,no rouleaux
KIT-62500670,160,gs://tanzania_02032026/TZ2025-Box1/KIT-62500670/dpc-160-KIT-62500670.png,7,0.4909,0.2767,0.4231835438,sparser,0.4659638793,no rouleaux
KIT-62500670,195,gs://tanzania_02032026/TZ2025-Box1/KIT-62500670/dpc-195-KIT-62500670.png,7,0.4909,0.2767,0.432014806,monolayer,0.4887505387,some rouleaux
KIT-62500670,272,gs://tanzania_02032026/TZ2025-Box1/KIT-62500670/dpc-272-KIT-62500670.png,7,0.4909,0.2767,0.4646089845,slightly dense,0.4462335695,slight rouleaux
KIT-62500670,178,gs://tanzania_02032026/TZ2025-Box1/KIT-62500670/dpc-178-KIT-62500670.png,7,0.4909,0.2767,0.482433119,sparser,0.5321179505,no rouleaux
KIT-62500670,177,gs://tanzania_02032026/TZ2025-Box1/KIT-62500670/dpc-177-KIT-62500670.png,7,0.4909,0.2767,0.4826214179,slightly dense,0.5301479985,some rouleaux
KIT-62500670,139,gs://tanzania_02032026/TZ2025-Box1/KIT-62500670/dpc-139-KIT-62500670.png,7,0.4909,0.2767,0.494934574,slightly dense,0.4972084133,some rouleaux
KIT-62500670,41,gs://tanzania_02032026/TZ2025-Box1/KIT-62500670/dpc-041-KIT-62500670.png,7,0.4909,0.2767,0.5146057564,slightly dense,0.4539374773,some rouleaux
KIT-62500670,59,gs://tanzania_02032026/TZ2025-Box1/KIT-62500670/dpc-059-KIT-62500670.png,7,0.4909,0.2767,0.5329311887,slightly dense,0.4635374538,some rouleaux
KIT-62500670,173,gs://tanzania_02032026/TZ2025-Box1/KIT-62500670/dpc-173-KIT-62500670.png,7,0.4909,0.2767,0.5505758817,slightly dense,0.5398469813,some rouleaux
KIT-62500670,155,gs://tanzania_02032026/TZ2025-Box1/KIT-62500670/dpc-155-KIT-62500670.png,7,0.4909,0.2767,0.5624641943,slightly dense,0.5480385736,some rouleaux
KIT-62500670,299,gs://tanzania_02032026/TZ2025-Box1/KIT-62500670/dpc-299-KIT-62500670.png,7,0.4909,0.2767,0.5771178462,slightly dense,0.5261242146,some rouleaux
KIT-62500670,295,gs://tanzania_02032026/TZ2025-Box1/KIT-62500670/dpc-295-KIT-62500670.png,7,0.4909,0.2767,0.5890333892,dense,0.5250633963,some rouleaux
KIT-62500670,199,gs://tanzania_02032026/TZ2025-Box1/KIT-62500670/dpc-199-KIT-62500670.png,7,0.4909,0.2767,0.5966389908,dense,0.5901670597,rouleaux
KIT-62500670,132,gs://tanzania_02032026/TZ2025-Box1/KIT-62500670/dpc-132-KIT-62500670.png,7,0.4909,0.2767,0.6014093624,dense,0.5284412353,some rouleaux
KIT-62500670,281,gs://tanzania_02032026/TZ2025-Box1/KIT-62500670/dpc-281-KIT-62500670.png,7,0.4909,0.2767,0.6045273665,dense,0.5573265106,rouleaux
KIT-62500670,235,gs://tanzania_02032026/TZ2025-Box1/KIT-62500670/dpc-235-KIT-62500670.png,7,0.4909,0.2767,0.6090082372,dense,0.5562420659,rouleaux
KIT-62500670,85,gs://tanzania_02032026/TZ2025-Box1/KIT-62500670/dpc-085-KIT-62500670.png,7,0.4909,0.2767,0.6113966008,dense,0.5893880809,rouleaux
KIT-62500670,185,gs://tanzania_02032026/TZ2025-Box1/KIT-62500670/dpc-185-KIT-62500670.png,7,0.4909,0.2767,0.6158044112,dense,0.5503895452,some rouleaux
KIT-62500670,247,gs://tanzania_02032026/TZ2025-Box1/KIT-62500670/dpc-247-KIT-62500670.png,7,0.4909,0.2767,0.6252395158,dense,0.5985551133,rouleaux
KIT-62500670,113,gs://tanzania_02032026/TZ2025-Box1/KIT-62500670/dpc-113-KIT-62500670.png,7,0.4909,0.2767,0.6317222446,dense,0.5597894619,rouleaux
KIT-62500670,187,gs://tanzania_02032026/TZ2025-Box1/KIT-62500670/dpc-187-KIT-62500670.png,7,0.4909,0.2767,0.6332894475,dense,0.5725299669,rouleaux
KIT-62500670,65,gs://tanzania_02032026/TZ2025-Box1/KIT-62500670/dpc-065-KIT-62500670.png,7,0.4909,0.2767,0.6383734641,dense,0.6026239264,rouleaux
KIT-62500670,24,gs://tanzania_02032026/TZ2025-Box1/KIT-62500670/dpc-024-KIT-62500670.png,7,0.4909,0.2767,0.6413924567,dense,0.5904517237,rouleaux
KIT-62500670,280,gs://tanzania_02032026/TZ2025-Box1/KIT-62500670/dpc-280-KIT-62500670.png,7,0.4909,0.2767,0.6465788633,dense,0.5947771477,rouleaux
KIT-62500670,315,gs://tanzania_02032026/TZ2025-Box1/KIT-62500670/dpc-315-KIT-62500670.png,7,0.4909,0.2767,0.6530665887,dense,0.5974397615,rouleaux
KIT-62500670,19,gs://tanzania_02032026/TZ2025-Box1/KIT-62500670/dpc-019-KIT-62500670.png,7,0.4909,0.2767,0.6601377946,dense,0.6690171347,heavy rouleaux
KIT-62500670,254,gs://tanzania_02032026/TZ2025-Box1/KIT-62500670/dpc-254-KIT-62500670.png,7,0.4909,0.2767,0.661665076,dense,0.6516407248,rouleaux
KIT-62500670,229,gs://tanzania_02032026/TZ2025-Box1/KIT-62500670/dpc-229-KIT-62500670.png,7,0.4909,0.2767,0.6659772177,dense,0.6528639866,rouleaux
KIT-62500670,278,gs://tanzania_02032026/TZ2025-Box1/KIT-62500670/dpc-278-KIT-62500670.png,7,0.4909,0.2767,0.6681827265,dense,0.6214841694,rouleaux
KIT-62500670,245,gs://tanzania_02032026/TZ2025-Box1/KIT-62500670/dpc-245-KIT-62500670.png,7,0.4909,0.2767,0.6705921246,dense,0.6233242397,rouleaux
KIT-62500670,310,gs://tanzania_02032026/TZ2025-Box1/KIT-62500670/dpc-310-KIT-62500670.png,7,0.4909,0.2767,0.6759730378,dense,0.6700817285,heavy rouleaux
KIT-62500670,242,gs://tanzania_02032026/TZ2025-Box1/KIT-62500670/dpc-242-KIT-62500670.png,7,0.4909,0.2767,0.6792751752,dense,0.6206212191,rouleaux
KIT-62500670,110,gs://tanzania_02032026/TZ2025-Box1/KIT-62500670/dpc-110-KIT-62500670.png,7,0.4909,0.2767,0.6804994018,dense,0.6215138867,rouleaux
KIT-62500670,121,gs://tanzania_02032026/TZ2025-Box1/KIT-62500670/dpc-121-KIT-62500670.png,7,0.4909,0.2767,0.6840867384,dense,0.6802111104,heavy rouleaux
KIT-62500670,80,gs://tanzania_02032026/TZ2025-Box1/KIT-62500670/dpc-080-KIT-62500670.png,7,0.4909,0.2767,0.6909569508,dense,0.6315602919,rouleaux
KIT-62500670,82,gs://tanzania_02032026/TZ2025-Box1/KIT-62500670/dpc-082-KIT-62500670.png,7,0.4909,0.2767,0.6945351924,dense,0.6508489437,rouleaux
KIT-62500670,282,gs://tanzania_02032026/TZ2025-Box1/KIT-62500670/dpc-282-KIT-62500670.png,7,0.4909,0.2767,0.7031028411,dense,0.6597914834,rouleaux
KIT-62500670,136,gs://tanzania_02032026/TZ2025-Box1/KIT-62500670/dpc-136-KIT-62500670.png,7,0.4909,0.2767,0.7053888587,dense,0.6687550965,heavy rouleaux
KIT-62500670,134,gs://tanzania_02032026/TZ2025-Box1/KIT-62500670/dpc-134-KIT-62500670.png,7,0.4909,0.2767,0.7090263341,dense,0.660671774,rouleaux
KIT-62500670,171,gs://tanzania_02032026/TZ2025-Box1/KIT-62500670/dpc-171-KIT-62500670.png,7,0.4909,0.2767,0.7117545081,very dense,0.6654649626,rouleaux
KIT-62500670,202,gs://tanzania_02032026/TZ2025-Box1/KIT-62500670/dpc-202-KIT-62500670.png,7,0.4909,0.2767,0.7126061197,very dense,0.6694138066,heavy rouleaux
KIT-62500670,146,gs://tanzania_02032026/TZ2025-Box1/KIT-62500670/dpc-146-KIT-62500670.png,7,0.4909,0.2767,0.7177956664,very dense,0.6579021052,rouleaux
KIT-62500670,109,gs://tanzania_02032026/TZ2025-Box1/KIT-62500670/dpc-109-KIT-62500670.png,7,0.4909,0.2767,0.7189720328,very dense,0.6816376765,heavy rouleaux
KIT-62500670,94,gs://tanzania_02032026/TZ2025-Box1/KIT-62500670/dpc-094-KIT-62500670.png,7,0.4909,0.2767,0.7228876003,very dense,0.6643479675,rouleaux
KIT-62500670,97,gs://tanzania_02032026/TZ2025-Box1/KIT-62500670/dpc-097-KIT-62500670.png,7,0.4909,0.2767,0.7250679439,very dense,0.6704298199,heavy rouleaux
KIT-62500670,300,gs://tanzania_02032026/TZ2025-Box1/KIT-62500670/dpc-300-KIT-62500670.png,7,0.4909,0.2767,0.7265495517,very dense,0.693888007,heavy rouleaux
KIT-62500670,129,gs://tanzania_02032026/TZ2025-Box1/KIT-62500670/dpc-129-KIT-62500670.png,7,0.4909,0.2767,0.7296437954,very dense,0.6627852731,rouleaux
KIT-62500670,25,gs://tanzania_02032026/TZ2025-Box1/KIT-62500670/dpc-025-KIT-62500670.png,7,0.4909,0.2767,0.7356941612,very dense,0.6843774949,heavy rouleaux
KIT-62500670,311,gs://tanzania_02032026/TZ2025-Box1/KIT-62500670/dpc-311-KIT-62500670.png,7,0.4909,0.2767,0.7397578396,very dense,0.6850858002,heavy rouleaux
KIT-62500670,98,gs://tanzania_02032026/TZ2025-Box1/KIT-62500670/dpc-098-KIT-62500670.png,7,0.4909,0.2767,0.7430867626,very dense,0.6903777525,heavy rouleaux
KIT-62500670,237,gs://tanzania_02032026/TZ2025-Box1/KIT-62500670/dpc-237-KIT-62500670.png,7,0.4909,0.2767,0.7445826405,very dense,0.6794595347,heavy rouleaux
KIT-62500670,221,gs://tanzania_02032026/TZ2025-Box1/KIT-62500670/dpc-221-KIT-62500670.png,7,0.4909,0.2767,0.7471548795,very dense,0.6794357882,heavy rouleaux
KIT-62500670,130,gs://tanzania_02032026/TZ2025-Box1/KIT-62500670/dpc-130-KIT-62500670.png,7,0.4909,0.2767,0.7523571066,very dense,0.6930291645,heavy rouleaux
KIT-62500670,239,gs://tanzania_02032026/TZ2025-Box1/KIT-62500670/dpc-239-KIT-62500670.png,7,0.4909,0.2767,0.7588318722,very dense,0.6942802248,heavy rouleaux
KIT-62500670,210,gs://tanzania_02032026/TZ2025-Box1/KIT-62500670/dpc-210-KIT-62500670.png,7,0.4909,0.2767,0.7608399219,very dense,0.7374670304,heavy rouleaux
KIT-62500670,102,gs://tanzania_02032026/TZ2025-Box1/KIT-62500670/dpc-102-KIT-62500670.png,7,0.4909,0.2767,0.768427929,very dense,0.7384645243,heavy rouleaux
KIT-62500670,138,gs://tanzania_02032026/TZ2025-Box1/KIT-62500670/dpc-138-KIT-62500670.png,7,0.4909,0.2767,0.7884279893,very dense,0.8067295539,heavy rouleaux
KIT-62500670,120,gs://tanzania_02032026/TZ2025-Box1/KIT-62500670/dpc-120-KIT-62500670.png,7,0.4909,0.2767,0.8517581553,very dense,0.8497242008,heavy rouleaux
