slide,fov_id,tags,reason
KIT-62500670,19,Overexposed,"quality tags only, no density or overlap level"
KIT-62500670,30,Overexposed,"quality tags only, no density or overlap level"
KIT-62500670,49,Overexposed,"quality tags only, no density or overlap level"
KIT-62500670,127,Overexposed,"quality tags only, no density or overlap level"
KIT-62500670,185,Overexposed,"quality tags only, no density or overlap level"
KIT-62500670,186,Overexposed,"quality tags only, no density or overlap level"
KIT-62500670,187,Overexposed,"quality tags only, no density or overlap level"
KIT-62500670,202,Overexposed,"quality tags only, no density or overlap level"
KIT-62500670,203,Overexposed,"quality tags only, no density or overlap level"
KIT-62500670,205,Overexposed,"quality tags only, no density or overlap level"
KIT-62500670,223,Overexposed,"quality tags only, no density or overlap level"
KIT-62500670,238,Overexposed,"quality tags only, no density or overlap level"
KIT-62500670,239,Overexposed,"quality tags only, no density or overlap level"
KIT-62500670,275,Overexposed,"quality tags only, no density or overlap level"
KIT-62500909,181,Overexposed,"quality tags only, no density or overlap level"
KTR-72502904,19,Overexposed,"quality tags only, no density or overlap level"
KTR-72502904,315,Overexposed,"quality tags only, no density or overlap level"
NKR-72502156,19,Overexposed,"quality tags only, no density or overlap level"
NKR-72502156,38,Overexposed,"quality tags only, no density or overlap level"
NKR-72502156,73,Overexposed,"quality tags only, no density or overlap level"
NKR-72502156,91,Overexposed,"quality tags only, no density or overlap level"
NKR-72502156,127,Overexposed,"quality tags only, no density or overlap level"
NKR-72502156,217,Overexposed,"quality tags only, no density or overlap level"
