sample_id,country,boundary_fov_id,n_spots_detected,baseline_mean,baseline_std,baseline_median,baseline_mad,n_fovs_on_slide,ratio_to_median,robust_zscore,mean_zscore,flags,no_data_reason
LB-D10-2025-12-29-150312-0171084-VFPCHC-2-4,Liberia,1,50,97.931,299.586,46.5,20.015,130,1.075,0.175,-0.16,mean_median_divergence,
LB-D10-2025-12-29-150312-0171084-VFPCHC-2-4,Liberia,324,,,,,,,,,,no_data,fov_id missing from detection results
LB-D10-2025-12-30-083614-0250901VFPCHC-2-1,Liberia,1,176,266.167,572.779,160.0,74.13,324,1.1,0.216,-0.157,mean_median_divergence,
LB-D10-2025-12-30-083614-0250901VFPCHC-2-1,Liberia,324,75,266.167,572.779,160.0,74.13,324,0.469,-1.147,-0.334,mean_median_divergence,
LB-D10-2025-12-30-084453-0250071VFPCHC-2-2,Liberia,1,250,148.969,310.791,97.5,49.667,324,2.564,3.07,0.325,mean_median_divergence;high_outlier,
LB-D10-2025-12-30-084453-0250071VFPCHC-2-2,Liberia,324,64,148.969,310.791,97.5,49.667,324,0.656,-0.674,-0.273,mean_median_divergence,
LB-D11-2025-12-17-115859-0250319D-thin-4-1,Liberia,1,1636,1716.333,692.978,1600.5,661.981,324,1.022,0.054,-0.116,,
LB-D11-2025-12-17-115859-0250319D-thin-4-1,Liberia,324,592,1716.333,692.978,1600.5,661.981,324,0.37,-1.523,-1.622,,
LB-D11-2025-12-19-111309-0211715-VFPCHC-3-1,Liberia,1,1340,1878.213,741.238,1830.0,611.572,324,0.732,-0.801,-0.726,,
LB-D11-2025-12-19-111309-0211715-VFPCHC-3-1,Liberia,324,1486,1878.213,741.238,1830.0,611.572,324,0.812,-0.562,-0.529,,
LB-D11-2025-12-19-131014-0241591-VFPCHC-3-2,Liberia,1,3111,2571.66,999.044,2364.0,945.899,324,1.316,0.79,0.54,,
LB-D11-2025-12-19-131014-0241591-VFPCHC-3-2,Liberia,324,1431,2571.66,999.044,2364.0,945.899,324,0.605,-0.986,-1.142,,
LB-D11-2025-12-19-134126-025073-VFPCHC-3-1,Liberia,1,3552,1958,1125.461,1873.0,1180.891,324,1.896,1.422,1.416,,
LB-D11-2025-12-19-134126-025073-VFPCHC-3-1,Liberia,324,2656,1958,1125.461,1873.0,1180.891,324,1.418,0.663,0.62,,
LB-D3-2025-08-30-103102-250876706-D-thin-4,Liberia,1,538,808.617,647.573,561.0,375.839,324,0.959,-0.061,-0.418,mean_median_divergence,
LB-D3-2025-08-30-103102-250876706-D-thin-4,Liberia,324,554,808.617,647.573,561.0,375.839,324,0.988,-0.019,-0.393,mean_median_divergence,
LB-D3-2025-09-02-141940-25087110-D-Only-1-2,Liberia,1,406,479.889,269.855,415.0,231.286,324,0.978,-0.039,-0.274,,
LB-D3-2025-09-02-141940-25087110-D-Only-1-2,Liberia,324,390,479.889,269.855,415.0,231.286,324,0.94,-0.108,-0.333,,
LB-D3-2025-09-09-093425-250917463-D-Only-1-1,Liberia,1,158,214.528,387.18,168.0,41.513,324,0.94,-0.241,-0.146,mean_median_divergence,
LB-D3-2025-09-09-093425-250917463-D-Only-1-1,Liberia,324,137,214.528,387.18,168.0,41.513,324,0.815,-0.747,-0.2,mean_median_divergence,
LB-D3-2025-09-27-121918-17217958-D-thin-4-4,Liberia,1,363,502.438,758.616,362.5,97.11,324,1.001,0.005,-0.184,mean_median_divergence,
LB-D3-2025-09-27-121918-17217958-D-thin-4-4,Liberia,324,773,502.438,758.616,362.5,97.11,324,2.132,4.227,0.357,mean_median_divergence;high_outlier,
LB-D3-2025-10-03-104211-250917371-D-thin-2-3,Liberia,1,326,236.974,785.929,145.0,53.374,270,2.248,3.391,0.113,mean_median_divergence;high_outlier,
LB-D3-2025-10-03-104211-250917371-D-thin-2-3,Liberia,324,,,,,,,,,,no_data,fov_id missing from detection results
LB-D3-2025-10-03-104643-250917465-D-thin-3-4,Liberia,1,255,217.184,226.757,190.0,59.304,288,1.342,1.096,0.167,,
LB-D3-2025-10-03-104643-250917465-D-thin-3-4,Liberia,324,,,,,,,,,,no_data,fov_id missing from detection results
LB-D3-2025-10-03-124025-2404175445D-thin-2-3,Liberia,1,261,256.758,265.127,220.0,65.234,306,1.186,0.629,0.016,,
LB-D3-2025-10-03-124025-2404175445D-thin-2-3,Liberia,324,,,,,,,,,,no_data,fov_id missing from detection results
LB-D3-2025-10-03-125352-2402169466D-thin-2-1,Liberia,1,309,271.676,143.033,252.0,43.737,324,1.226,1.303,0.261,,
LB-D3-2025-10-03-125352-2402169466D-thin-2-1,Liberia,324,237,271.676,143.033,252.0,43.737,324,0.94,-0.343,-0.242,,
LB-D3-2025-10-03-130859-250916865-D-thin-1-4,Liberia,1,346,404.275,296.445,345.0,108.23,324,1.003,0.009,-0.197,,
LB-D3-2025-10-03-130859-250916865-D-thin-1-4,Liberia,324,510,404.275,296.445,345.0,108.23,324,1.478,1.525,0.357,,
LB-D3-2025-10-22-131729-250917745-D-thin-2-3,Liberia,1,507,401.611,696.884,271.5,107.488,324,1.867,2.191,0.151,mean_median_divergence;high_outlier,
LB-D3-2025-10-22-131729-250917745-D-thin-2-3,Liberia,324,735,401.611,696.884,271.5,107.488,324,2.707,4.312,0.478,mean_median_divergence;high_outlier,
LB-D3-2025-10-22-132316-2411189646-D-thin-1-4,Liberia,1,681,517.475,409.56,398.5,155.673,324,1.709,1.815,0.399,mean_median_divergence,
LB-D3-2025-10-22-132316-2411189646-D-thin-1-4,Liberia,324,389,517.475,409.56,398.5,155.673,324,0.976,-0.061,-0.314,mean_median_divergence,
LB-D3-2025-10-22-140622-250917738-D-thin-1-1,Liberia,1,495,633.895,1445.278,204.0,119.349,324,2.426,2.438,-0.096,mean_median_divergence;high_outlier,
LB-D3-2025-10-22-140622-250917738-D-thin-1-1,Liberia,324,136,633.895,1445.278,204.0,119.349,324,0.667,-0.57,-0.344,mean_median_divergence,
LB-D3-2025-10-24-113736-250918214-D-thin-2-3,Liberia,1,157,294.905,107.717,271.0,62.269,168,0.579,-1.831,-1.28,,
LB-D3-2025-10-24-113736-250918214-D-thin-2-3,Liberia,324,,,,,,,,,,no_data,fov_id missing from detection results
LB-D3-2025-10-24-132012-25046898-D-thin-1-4,Liberia,1,594,543.815,241.663,510.0,115.643,324,1.165,0.726,0.208,,
LB-D3-2025-10-24-132012-25046898-D-thin-1-4,Liberia,324,575,543.815,241.663,510.0,115.643,324,1.127,0.562,0.129,,
LB-D3-2025-10-24-162727-230918080-D-thin-1-4,Liberia,1,1061,1138.022,554.818,1074.5,169.016,324,0.987,-0.08,-0.139,,
LB-D3-2025-10-24-162727-230918080-D-thin-1-4,Liberia,324,920,1138.022,554.818,1074.5,169.016,324,0.856,-0.914,-0.393,,
LB-D3-2025-10-25-105806-180951467-D-thin-1-1,Liberia,1,291,196.753,180.653,173.0,84.508,324,1.682,1.396,0.522,,
LB-D3-2025-10-25-105806-180951467-D-thin-1-1,Liberia,324,150,196.753,180.653,173.0,84.508,324,0.867,-0.272,-0.259,,
LB-D3-2025-10-25-150947-250917467-D-thin-3-2,Liberia,1,179,370.472,173.877,345.5,164.569,324,0.518,-1.012,-1.101,,
LB-D3-2025-10-25-150947-250917467-D-thin-3-2,Liberia,324,640,370.472,173.877,345.5,164.569,324,1.852,1.79,1.55,,
LB-D3-2025-10-27-123159-251123404-D-thin-4-1,Liberia,1,198,205.096,320.223,158.5,77.837,324,1.249,0.507,-0.022,mean_median_divergence,
LB-D3-2025-10-27-123159-251123404-D-thin-4-1,Liberia,324,73,205.096,320.223,158.5,77.837,324,0.461,-1.098,-0.413,mean_median_divergence,
LB-D3-2025-10-27-124239-250916732-D-thin-1-3,Liberia,1,409,491.512,508.828,456.0,111.195,324,0.897,-0.423,-0.162,,
LB-D3-2025-10-27-124239-250916732-D-thin-1-3,Liberia,324,366,491.512,508.828,456.0,111.195,324,0.803,-0.809,-0.247,,
LB-D3-2025-10-27-134711-250917368-D-thin-1-3,Liberia,1,112,145.287,351.89,108.0,32.617,324,1.037,0.123,-0.095,mean_median_divergence,
LB-D3-2025-10-27-134711-250917368-D-thin-1-3,Liberia,324,260,145.287,351.89,108.0,32.617,324,2.407,4.66,0.326,mean_median_divergence;high_outlier,
LB-D3-2025-10-27-144635-250918691-D-thin-2-2,Liberia,1,435,534.79,706.113,372.5,133.434,324,1.168,0.468,-0.141,mean_median_divergence,
LB-D3-2025-10-27-144635-250918691-D-thin-2-2,Liberia,324,319,534.79,706.113,372.5,133.434,324,0.856,-0.401,-0.306,mean_median_divergence,
LB-D3-2025-10-27-145205-250917002-D-thin-3-3,Liberia,1,209,209.985,208.872,181.0,53.374,324,1.155,0.525,-0.005,,
LB-D3-2025-10-27-145205-250917002-D-thin-3-3,Liberia,324,208,209.985,208.872,181.0,53.374,324,1.149,0.506,-0.01,,
LB-D3-2025-10-27-154305-250917412-D-thin-1-4,Liberia,1,259,200.389,98.134,177.0,58.563,324,1.463,1.4,0.597,,
LB-D3-2025-10-27-154305-250917412-D-thin-1-4,Liberia,324,407,200.389,98.134,177.0,58.563,324,2.299,3.927,2.105,high_outlier,
LB-D3-2025-10-27-155920-250713919-D-thin-3-3,Liberia,1,329,338.37,202.811,287.0,80.06,324,1.146,0.525,-0.046,,
LB-D3-2025-10-27-155920-250713919-D-thin-3-3,Liberia,324,756,338.37,202.811,287.0,80.06,324,2.634,5.858,2.059,high_outlier,
LB-D3-2025-10-27-173317-250917493-D-thin-2-4,Liberia,1,197,175.287,357.267,127.0,56.339,324,1.551,1.242,0.061,mean_median_divergence,
LB-D3-2025-10-27-173317-250917493-D-thin-2-4,Liberia,324,186,175.287,357.267,127.0,56.339,324,1.465,1.047,0.03,mean_median_divergence,
LB-D5-2026-01-27-112616-0240052-VFPCHC-2-2,Liberia,1,3108,2067.525,1384.531,1556.5,1028.183,324,1.997,1.509,0.752,mean_median_divergence,
LB-D5-2026-01-27-112616-0240052-VFPCHC-2-2,Liberia,324,1926,2067.525,1384.531,1556.5,1028.183,324,1.237,0.359,-0.102,mean_median_divergence,
KIT-62500763,Tanzania,1,768,836.321,274.935,805.0,234.251,324,0.954,-0.158,-0.248,,
KIT-62500763,Tanzania,324,1154,836.321,274.935,805.0,234.251,324,1.434,1.49,1.155,,
KIT-62501035,Tanzania,1,171,173.312,262.263,149.0,45.219,324,1.148,0.487,-0.009,,
KIT-62501035,Tanzania,324,223,173.312,262.263,149.0,45.219,324,1.497,1.636,0.189,,
KIT-62501062,Tanzania,1,248,151.472,82.913,129.0,77.095,324,1.922,1.544,1.164,,
KIT-62501062,Tanzania,324,73,151.472,82.913,129.0,77.095,324,0.566,-0.726,-0.946,,
KIT-62501081,Tanzania,1,75,95.586,172.801,74.5,43.737,324,1.007,0.011,-0.119,mean_median_divergence,
KIT-62501081,Tanzania,324,102,95.586,172.801,74.5,43.737,324,1.369,0.629,0.037,mean_median_divergence,
KIT-62501087,Tanzania,1,36,92.003,540.212,40.0,22.239,324,0.9,-0.18,-0.104,mean_median_divergence,
KIT-62501087,Tanzania,324,109,92.003,540.212,40.0,22.239,324,2.725,3.103,0.031,mean_median_divergence;high_outlier,
KTR-72502946,Tanzania,1,49,76.265,244.572,53.0,26.687,324,0.925,-0.15,-0.111,mean_median_divergence,
KTR-72502946,Tanzania,324,50,76.265,244.572,53.0,26.687,324,0.943,-0.112,-0.107,mean_median_divergence,
NKR-72502319,Tanzania,1,134,113.358,453.012,74.0,29.652,324,1.811,2.023,0.046,mean_median_divergence;high_outlier,
NKR-72502319,Tanzania,324,76,113.358,453.012,74.0,29.652,324,1.027,0.067,-0.082,mean_median_divergence,
RUB-62501332,Tanzania,1,189,221.096,154.081,213.5,48.184,324,0.885,-0.508,-0.208,,
RUB-62501332,Tanzania,324,322,221.096,154.081,213.5,48.184,324,1.508,2.252,0.655,high_outlier,
RUB-62501389,Tanzania,1,52,144.123,628.929,89.0,42.995,324,0.584,-0.861,-0.146,mean_median_divergence,
RUB-62501389,Tanzania,324,82,144.123,628.929,89.0,42.995,324,0.921,-0.163,-0.099,mean_median_divergence,
RUB-62501518,Tanzania,1,47,159.758,675.114,95.0,45.961,322,0.495,-1.044,-0.167,mean_median_divergence,
RUB-62501518,Tanzania,324,97,159.758,675.114,95.0,45.961,322,1.021,0.044,-0.093,mean_median_divergence,
RUB-62501529,Tanzania,1,211,238.932,75.719,228.0,80.802,324,0.925,-0.21,-0.369,,
RUB-62501529,Tanzania,324,299,238.932,75.719,228.0,80.802,324,1.311,0.879,0.793,,
RUB-72501756,Tanzania,1,160,203.645,136.132,171.5,63.752,324,0.933,-0.18,-0.321,,
RUB-72501756,Tanzania,324,241,203.645,136.132,171.5,63.752,324,1.405,1.09,0.274,,
PAT-070-3,Uganda,1,133,219.176,166.478,195.0,47.443,506,0.682,-1.307,-0.518,,
PAT-070-3,Uganda,324,239,219.176,166.478,195.0,47.443,506,1.226,0.927,0.119,,
PAT-072-1,Uganda,1,66,58.583,37.392,50.0,22.239,712,1.32,0.719,0.198,,
PAT-072-1,Uganda,324,46,58.583,37.392,50.0,22.239,712,0.92,-0.18,-0.337,,
PAT-154-1,Uganda,1,1606,3554.042,2382.577,3546,3012.643,525,0.453,-0.644,-0.818,,
PAT-154-1,Uganda,324,64,3554.042,2382.577,3546,3012.643,525,0.018,-1.156,-1.465,,
PBC-225_AM-1,Uganda,1,382,3000.71,803.763,2927,720.544,525,0.131,-3.532,-3.258,low_outlier,
PBC-225_AM-1,Uganda,324,3417,3000.71,803.763,2927,720.544,525,1.167,0.68,0.518,,
PBC-608-KH-1,Uganda,1,67,68.696,90.518,57,17.791,483,1.175,0.562,-0.019,,
PBC-608-KH-1,Uganda,324,50,68.696,90.518,57,17.791,483,0.877,-0.393,-0.207,,
PBC-800-1,Uganda,1,62,137.288,173.918,101,48.926,735,0.614,-0.797,-0.433,mean_median_divergence,
PBC-800-1,Uganda,324,65,137.288,173.918,101,48.926,735,0.644,-0.736,-0.416,mean_median_divergence,
PAT-103-2,Uganda,1,89,1455.366,924.866,1325.0,1115.657,576,0.067,-1.108,-1.477,,
PAT-103-2,Uganda,324,3794,1455.366,924.866,1325.0,1115.657,576,2.863,2.213,2.529,high_outlier,
PAT-112-2,Uganda,1,138,126.771,47.79,121,34.1,529,1.14,0.499,0.235,,
PAT-112-2,Uganda,324,114,126.771,47.79,121,34.1,529,0.942,-0.205,-0.267,,
