fov_id,n_spots_detected,ratio_to_median,robust_zscore,role,high_outlier
1,49,0.925,-0.15,boundary,False
2,61,1.151,0.3,,False
3,77,1.453,0.899,,False
4,72,1.358,0.712,,False
5,78,1.472,0.937,,False
6,61,1.151,0.3,,False
7,59,1.113,0.225,,False
8,79,1.491,0.974,,False
9,57,1.075,0.15,,False
10,41,0.774,-0.45,,False
11,32,0.604,-0.787,,False
12,25,0.472,-1.049,,False
13,22,0.415,-1.162,,False
14,26,0.491,-1.012,,False
15,46,0.868,-0.262,,False
16,50,0.943,-0.112,,False
17,39,0.736,-0.525,,False
18,19,0.358,-1.274,,False
19,59,1.113,0.225,,False
20,52,0.981,-0.037,,False
21,81,1.528,1.049,,False
22,71,1.34,0.674,,False
23,61,1.151,0.3,,False
24,54,1.019,0.037,,False
25,57,1.075,0.15,,False
26,40,0.755,-0.487,,False
27,34,0.642,-0.712,,False
28,30,0.566,-0.862,,False
29,31,0.585,-0.824,,False
30,28,0.528,-0.937,,False
31,47,0.887,-0.225,,False
32,52,0.981,-0.037,,False
33,42,0.792,-0.412,,False
34,46,0.868,-0.262,,False
35,34,0.642,-0.712,,False
36,44,0.83,-0.337,,False
37,47,0.887,-0.225,,False
38,56,1.057,0.112,,False
39,120,2.264,2.511,,True
40,101,1.906,1.799,,False
41,114,2.151,2.286,,True
42,36,0.679,-0.637,,False
43,24,0.453,-1.087,,False
44,33,0.623,-0.749,,False
45,45,0.849,-0.3,,False
46,22,0.415,-1.162,,False
47,47,0.887,-0.225,,False
48,33,0.623,-0.749,,False
49,37,0.698,-0.6,,False
50,38,0.717,-0.562,,False
51,34,0.642,-0.712,,False
52,23,0.434,-1.124,,False
53,31,0.585,-0.824,,False
54,25,0.472,-1.049,labeled,False
55,50,0.943,-0.112,,False
56,45,0.849,-0.3,,False
57,73,1.377,0.749,,False
58,125,2.358,2.698,,True
59,136,2.566,3.11,,True
60,32,0.604,-0.787,,False
61,33,0.623,-0.749,,False
62,57,1.075,0.15,,False
63,36,0.679,-0.637,,False
64,47,0.887,-0.225,,False
65,47,0.887,-0.225,,False
66,23,0.434,-1.124,,False
67,36,0.679,-0.637,,False
68,47,0.887,-0.225,,False
69,23,0.434,-1.124,,False
70,44,0.83,-0.337,,False
71,32,0.604,-0.787,,False
72,133,2.509,2.998,,True
73,68,1.283,0.562,,False
74,62,1.17,0.337,,False
75,91,1.717,1.424,,False
76,140,2.642,3.26,,True
77,186,3.509,4.984,,True
78,68,1.283,0.562,,False
79,45,0.849,-0.3,,False
80,64,1.208,0.412,,False
81,50,0.943,-0.112,,False
82,71,1.34,0.674,,False
83,61,1.151,0.3,,False
84,38,0.717,-0.562,,False
85,26,0.491,-1.012,,False
86,39,0.736,-0.525,,False
87,20,0.377,-1.237,,False
88,35,0.66,-0.674,,False
89,29,0.547,-0.899,,False
90,42,0.792,-0.412,,False
91,66,1.245,0.487,,False
92,89,1.679,1.349,,False
93,135,2.547,3.073,,True
94,184,3.472,4.909,,True
95,194,3.66,5.284,,True
96,97,1.83,1.649,,False
97,107,2.019,2.023,,True
98,98,1.849,1.686,,False
99,47,0.887,-0.225,,False
100,72,1.358,0.712,,False
101,40,0.755,-0.487,,False
102,34,0.642,-0.712,,False
103,37,0.698,-0.6,,False
104,41,0.774,-0.45,,False
105,42,0.792,-0.412,,False
106,39,0.736,-0.525,,False
107,36,0.679,-0.637,,False
108,26,0.491,-1.012,,False
109,57,1.075,0.15,,False
110,62,1.17,0.337,,False
111,111,2.094,2.173,,True
112,141,2.66,3.298,,True
113,152,2.868,3.71,,True
114,33,0.623,-0.749,,False
115,33,0.623,-0.749,,False
116,105,1.981,1.949,,False
117,45,0.849,-0.3,,False
118,84,1.585,1.162,,False
119,48,0.906,-0.187,,False
120,27,0.509,-0.974,,False
121,27,0.509,-0.974,,False
122,53,1.0,0.0,,False
123,41,0.774,-0.45,,False
124,24,0.453,-1.087,,False
125,32,0.604,-0.787,,False
126,31,0.585,-0.824,,False
127,43,0.811,-0.375,,False
128,80,1.509,1.012,,False
129,69,1.302,0.6,,False
130,48,0.906,-0.187,,False
131,155,2.925,3.822,,True
132,41,0.774,-0.45,,False
133,41,0.774,-0.45,,False
134,61,1.151,0.3,,False
135,32,0.604,-0.787,,False
136,169,3.189,4.347,,True
137,88,1.66,1.312,,False
138,47,0.887,-0.225,,False
139,34,0.642,-0.712,,False
140,33,0.623,-0.749,,False
141,34,0.642,-0.712,,False
142,40,0.755,-0.487,,False
143,40,0.755,-0.487,,False
144,16,0.302,-1.386,,False
145,58,1.094,0.187,,False
146,72,1.358,0.712,,False
147,68,1.283,0.562,,False
148,51,0.962,-0.075,,False
149,163,3.075,4.122,,True
150,37,0.698,-0.6,,False
151,28,0.528,-0.937,,False
152,90,1.698,1.386,,False
153,59,1.113,0.225,,False
154,92,1.736,1.461,,False
155,89,1.679,1.349,,False
156,73,1.377,0.749,,False
157,20,0.377,-1.237,,False
158,27,0.509,-0.974,,False
159,40,0.755,-0.487,,False
160,14,0.264,-1.461,,False
161,19,0.358,-1.274,,False
162,26,0.491,-1.012,,False
163,85,1.604,1.199,,False
164,71,1.34,0.674,,False
165,85,1.604,1.199,,False
166,39,0.736,-0.525,,False
167,171,3.226,4.422,,True
168,70,1.321,0.637,,False
169,24,0.453,-1.087,,False
170,67,1.264,0.525,,False
171,50,0.943,-0.112,,False
172,94,1.774,1.536,,False
173,104,1.962,1.911,,False
174,47,0.887,-0.225,,False
175,37,0.698,-0.6,,False
176,31,0.585,-0.824,,False
177,54,1.019,0.037,,False
178,39,0.736,-0.525,,False
179,31,0.585,-0.824,,False
180,31,0.585,-0.824,,False
181,53,1.0,0.0,,False
182,63,1.189,0.375,,False
183,62,1.17,0.337,,False
184,55,1.038,0.075,,False
185,91,1.717,1.424,,False
186,78,1.472,0.937,,False
187,27,0.509,-0.974,,False
188,75,1.415,0.824,,False
189,44,0.83,-0.337,,False
190,58,1.094,0.187,,False
191,102,1.925,1.836,,False
192,54,1.019,0.037,,False
193,50,0.943,-0.112,,False
194,54,1.019,0.037,,False
195,47,0.887,-0.225,,False
196,31,0.585,-0.824,,False
197,16,0.302,-1.386,,False
198,4417,83.34,163.527,labeled,True
199,50,0.943,-0.112,,False
200,65,1.226,0.45,,False
201,90,1.698,1.386,,False
202,41,0.774,-0.45,,False
203,47,0.887,-0.225,,False
204,117,2.208,2.398,,True
205,51,0.962,-0.075,,False
206,50,0.943,-0.112,,False
207,92,1.736,1.461,,False
208,79,1.491,0.974,,False
209,136,2.566,3.11,,True
210,66,1.245,0.487,,False
211,62,1.17,0.337,,False
212,65,1.226,0.45,,False
213,61,1.151,0.3,,False
214,54,1.019,0.037,,False
215,38,0.717,-0.562,,False
216,20,0.377,-1.237,,False
217,53,1.0,0.0,,False
218,64,1.208,0.412,,False
219,107,2.019,2.023,,True
220,53,1.0,0.0,,False
221,65,1.226,0.45,,False
222,141,2.66,3.298,,True
223,34,0.642,-0.712,,False
224,70,1.321,0.637,,False
225,68,1.283,0.562,,False
226,139,2.623,3.223,,True
227,151,2.849,3.672,,True
228,48,0.906,-0.187,,False
229,39,0.736,-0.525,,False
230,39,0.736,-0.525,,False
231,64,1.208,0.412,,False
232,96,1.811,1.611,,False
233,65,1.226,0.45,,False
234,50,0.943,-0.112,,False
235,95,1.792,1.574,,False
236,92,1.736,1.461,,False
237,88,1.66,1.312,,False
238,55,1.038,0.075,,False
239,83,1.566,1.124,,False
240,142,2.679,3.335,,True
241,27,0.509,-0.974,,False
242,80,1.509,1.012,,False
243,65,1.226,0.45,,False
244,75,1.415,0.824,,False
245,75,1.415,0.824,,False
246,68,1.283,0.562,,False
247,24,0.453,-1.087,,False
248,30,0.566,-0.862,,False
249,76,1.434,0.862,,False
250,38,0.717,-0.562,,False
251,28,0.528,-0.937,,False
252,42,0.792,-0.412,,False
253,78,1.472,0.937,,False
254,91,1.717,1.424,,False
255,111,2.094,2.173,,True
256,94,1.774,1.536,,False
257,51,0.962,-0.075,,False
258,126,2.377,2.735,,True
259,94,1.774,1.536,,False
260,82,1.547,1.087,,False
261,71,1.34,0.674,,False
262,84,1.585,1.162,,False
263,65,1.226,0.45,,False
264,55,1.038,0.075,,False
265,32,0.604,-0.787,,False
266,43,0.811,-0.375,,False
267,55,1.038,0.075,,False
268,20,0.377,-1.237,,False
269,24,0.453,-1.087,,False
270,54,1.019,0.037,,False
271,64,1.208,0.412,,False
272,101,1.906,1.799,,False
273,113,2.132,2.248,,True
274,63,1.189,0.375,,False
275,86,1.623,1.237,,False
276,181,3.415,4.796,,True
277,81,1.528,1.049,,False
278,54,1.019,0.037,,False
279,46,0.868,-0.262,,False
280,98,1.849,1.686,,False
281,58,1.094,0.187,,False
282,48,0.906,-0.187,,False
283,64,1.208,0.412,,False
284,69,1.302,0.6,,False
285,76,1.434,0.862,,False
286,35,0.66,-0.674,,False
287,44,0.83,-0.337,,False
288,50,0.943,-0.112,,False
289,58,1.094,0.187,,False
290,103,1.943,1.874,,False
291,89,1.679,1.349,,False
292,87,1.642,1.274,,False
293,54,1.019,0.037,,False
294,186,3.509,4.984,,True
295,83,1.566,1.124,,False
296,88,1.66,1.312,,False
297,53,1.0,0.0,,False
298,50,0.943,-0.112,,False
299,101,1.906,1.799,,False
300,46,0.868,-0.262,,False
301,67,1.264,0.525,,False
302,56,1.057,0.112,,False
303,37,0.698,-0.6,,False
304,40,0.755,-0.487,,False
305,32,0.604,-0.787,,False
306,21,0.396,-1.199,,False
307,67,1.264,0.525,,False
308,262,4.943,7.832,,True
309,81,1.528,1.049,,False
310,51,0.962,-0.075,,False
311,52,0.981,-0.037,,False
312,151,2.849,3.672,,True
313,49,0.925,-0.15,,False
314,53,1.0,0.0,,False
315,105,1.981,1.949,,False
316,53,1.0,0.0,,False
317,53,1.0,0.0,,False
318,45,0.849,-0.3,,False
319,71,1.34,0.674,,False
320,39,0.736,-0.525,,False
321,38,0.717,-0.562,,False
322,58,1.094,0.187,,False
323,37,0.698,-0.6,,False
324,50,0.943,-0.112,boundary,False
