fov_id,present,present_folded,diffuse_halo_flag,confidence,contrast_ratio,baseline,peak,area_fraction,solidity,anisotropy,radial_rho,r2_over_r1,diffuse_radius,diffuse_circularity,diffuse_centroid_x,diffuse_centroid_y,error
1,False,False,False,0,1.3485,21.6943,29.2554,0.7264,0.9785,0,0,0,0,0,0,0,
2,False,False,False,0,1.378,19.7369,27.198,0.7494,0.9599,0,0,0,0,0,0,0,
3,False,False,False,0,1.3938,20.4323,28.4785,0.6236,0.9645,0,0,0,0,0,0,0,
4,False,False,False,0,1.4539,18.9951,27.6172,0.7355,0.9251,0,0,0,0,0,0,0,
5,False,False,False,0,1.5044,19.8286,29.8296,0.6994,0.9665,0,0,0,0,0,0,0,
6,False,False,False,0,1.4274,20.5489,29.3321,0.719,0.9828,0,0,0,0,0,0,0,
7,False,False,False,0,1.4257,21.542,30.7124,0.7904,0.967,0,0,0,0,0,0,0,
8,False,False,False,0,1.3575,22.682,30.7916,0.7497,0.9732,0,0,0,0,0,0,0,
9,False,False,False,0,1.3885,21.3282,29.6134,0.7728,0.954,0,0,0,0,0,0,0,
10,False,False,False,0,1.3935,20.9048,29.1304,0.751,0.92,0,0,0,0,0,0,0,
11,False,False,False,0,1.4031,20.6046,28.91,0.7174,0.9311,0,0,0,0,0,0,0,
12,False,False,False,0,1.3607,20.2589,27.567,0.7864,0.956,0,0,0,0,0,0,0,
13,False,False,False,0,1.3479,19.7471,26.6166,0.8238,0.9731,0,0,0,0,0,0,0,
14,False,False,False,0,1.5196,18.9425,28.7844,0.7226,0.932,0,0,0,0,0,0,0,
15,False,False,False,0,1.4375,19.8303,28.5068,0.7204,0.9693,0,0,0,0,0,0,0,
16,False,False,False,0,1.3322,21.7108,28.9236,0.767,0.9648,0,0,0,0,0,0,0,
17,False,False,False,0,1.304,20.5153,26.751,0.7582,0.9871,0,0,0,0,0,0,0,
18,False,False,False,0,1.5854,20.1842,31.9996,0.4095,0.8663,0,0,0,0,0,0,0,
19,False,False,False,0,1.6863,13.8025,23.2756,0.7373,0.9782,0,0,0,0,0,0,0,
20,False,False,False,0,2.0575,11.4214,23.5,0.4453,0.9109,0,0,0,0,0,0,0,
21,False,False,False,0,1.72,14.5607,25.0451,0.7286,0.9714,0,0,0,0,0,0,0,
22,False,False,False,0,1.3696,17.9314,24.5594,0.7338,0.9758,0,0,0,0,0,0,0,
23,False,False,False,0,1.3446,18.0579,24.2802,0.7006,0.9866,0,0,0,0,0,0,0,
24,False,False,False,0,1.4038,18.6869,26.2327,0.6938,0.9771,0,0,0,0,0,0,0,
25,False,False,False,0,1.5839,19.6302,31.0926,0.6048,0.9511,0,0,0,0,0,0,0,
26,False,False,False,0,1.4954,20.5078,30.6677,0.5995,0.9594,0,0,0,0,0,0,0,
27,False,False,False,0,1.4145,19.8799,28.1208,0.7104,0.949,0,0,0,0,0,0,0,
28,False,False,False,0,1.4724,19.6693,28.9617,0.6754,0.9764,0,0,0,0,0,0,0,
29,False,False,False,0,1.4617,20.1142,29.4014,0.6956,0.9639,0,0,0,0,0,0,0,
30,False,False,False,0,1.504,20.1235,30.2652,0.7154,0.9503,0,0,0,0,0,0,0,
31,False,False,False,0,1.4832,21.8,32.3348,0.6789,0.9572,0,0,0,0,0,0,0,
32,False,False,False,0,1.4874,21.5166,32.0041,0.7198,0.9674,0,0,0,0,0,0,0,
33,False,False,False,0,1.561,22.6364,35.3344,0.6997,0.9658,0,0,0,0,0,0,0,
34,False,False,False,0,1.3537,24.4176,33.0544,0.7255,0.9704,0,0,0,0,0,0,0,
35,False,False,False,0,1.4374,23.3555,33.5708,0.6602,0.9816,0,0,0,0,0,0,0,
36,False,False,False,0,1.45,21.7185,31.4917,0.7334,0.9746,0,0,0,0,0,0,0,
37,False,False,False,0,1.6542,14.6995,24.3163,0.7828,0.9782,0,0,0,0,0,0,0,
38,False,False,False,0,1.5766,11.5233,18.1675,0.76,0.9648,0,0,0,0,0,0,0,
39,False,False,False,0,1.5966,12.7183,20.3061,0.661,0.8772,0,0,0,0,0,0,0,
40,False,False,False,0,1.3654,15.1673,20.7102,0.7602,0.9853,0,0,0,0,0,0,0,
41,False,False,False,0,1.3612,13.0404,17.7513,0.7186,0.9899,0,0,0,0,0,0,0,
42,False,False,False,0,1.7769,11.8265,21.0146,0.5724,0.9611,0,0,0,0,0,0,0,
43,False,False,False,0,1.6648,13.1876,21.9547,0.6757,0.9792,0,0,0,0,0,0,0,
44,False,False,False,0,1.4997,14.6949,22.0381,0.7614,0.963,0,0,0,0,0,0,0,
45,False,False,False,0,1.5278,16.2718,24.8607,0.7355,0.9172,0,0,0,0,0,0,0,
46,False,False,False,0,1.4423,18.2857,26.3731,0.7101,0.9764,0,0,0,0,0,0,0,
47,False,False,False,0,1.7829,19.8156,35.329,0.0276,0.9882,0,0,0,0,0,0,0,
48,False,False,False,0,1.4528,17.9217,26.0357,0.7459,0.9848,0,0,0,0,0,0,0,
49,False,False,False,0,1.4388,18.3468,26.3979,0.678,0.982,0,0,0,0,0,0,0,
50,False,False,False,0,1.5625,17.4725,27.3011,0.6586,0.9636,0,0,0,0,0,0,0,
51,False,False,False,0,1.6105,16.9549,27.3067,0.6354,0.9858,0,0,0,0,0,0,0,
52,False,False,False,0,1.6012,16.688,26.7208,0.7077,0.9362,0,0,0,0,0,0,0,
53,True,True,False,1,11.2687,20.597,232.102,0.1111,0.8885,0.2806,0,0.6962,87.64,0.6341,0.7137,0.8277,
54,False,False,False,0,9.9438,14.5701,144.882,0.0177,0.9929,0.896,-0.7001,0.803,30.68,0.7077,0.0716,0.9387,
55,False,False,False,0,1.2667,19.0188,24.0919,0.7445,0.9848,0,0,0,0,0,0,0,
56,False,False,False,0,1.5095,16.8158,25.3827,0.6948,0.9855,0,0,0,0,0,0,0,
57,False,False,False,0,1.3502,16.8822,22.794,0.6512,0.9446,0,0,0,0,0,0,0,
58,False,False,False,0,1.3538,15.2625,20.6616,0.7376,0.9544,0,0,0,0,0,0,0,
59,False,False,False,0,1.4937,12.1033,18.0785,0.3315,0.8506,0,0,0,0,0,0,0,
60,False,False,False,0,1.7736,10.8489,19.242,0.4304,0.9366,0,0,0,0,0,0,0,
61,False,False,False,0,1.6657,12.2544,20.4121,0.7155,0.966,0,0,0,0,0,0,0,
62,False,False,False,0,1.3102,14.1306,18.5136,0.728,0.9813,0,0,0,0,0,0,0,
63,False,False,False,0,1.3373,14.3531,19.1939,0.7525,0.9689,0,0,0,0,0,0,0,
64,False,False,False,0,1.3492,14.6181,19.7233,0.6276,0.9775,0,0,0,0,0,0,0,
65,False,False,False,0,1.3801,14.5799,20.1214,0.7208,0.9332,0,0,0,0,0,0,0,
66,False,False,False,0,1.4431,14.677,21.1807,0.7743,0.9907,0,0,0,0,0,0,0,
67,False,False,False,0,1.5043,15.1972,22.8614,0.4287,0.8078,0,0,0,0,0,0,0,
68,False,False,False,0,1.4838,14.6931,21.8017,0.47,0.9306,0,0,0,0,0,0,0,
69,False,False,False,0,1.4798,13.7372,20.3279,0.4582,0.9455,0,0,0,0,0,0,0,
70,False,False,False,0,1.3698,13.0815,17.9187,0.7553,0.9347,0,0,0,0,0,0,0,
71,False,False,False,0,6.9183,13.8031,95.4945,0.0459,0.9935,0.4866,0.6075,0.417,35.95,0.7491,0.938,0.6857,
72,False,False,False,0,7.1612,19.0645,136.525,0.1676,0.7067,0.6616,0.8094,0.4692,92.52,0.4038,0.2178,0.3204,
73,False,False,False,0,1.4679,18.9594,27.83,0.6149,0.97,0,0,0,0,0,0,0,
74,False,False,False,0,1.4065,18.4992,26.0193,0.6281,0.9419,0,0,0,0,0,0,0,
75,False,False,False,0,1.4692,17.7402,26.0639,0.5797,0.9727,0,0,0,0,0,0,0,
76,False,False,False,0,1.4396,17.4773,25.1595,0.6554,0.9862,0,0,0,0,0,0,0,
77,False,False,False,0,1.6854,16.8069,28.327,0.4504,0.9259,0,0,0,0,0,0,0,
78,False,False,False,0,1.4471,16.0984,23.2955,0.6785,0.9613,0,0,0,0,0,0,0,
79,False,False,False,0,1.368,15.1221,20.6871,0.5734,0.893,0,0,0,0,0,0,0,
80,False,False,False,0,1.2641,12.5449,15.8575,0.8209,0.9831,0,0,0,0,0,0,0,
81,False,False,False,0,1.2265,12.6184,15.4769,0.7418,0.9449,0,0,0,0,0,0,0,
82,False,False,False,0,1.4485,12.2487,17.7417,0.6656,0.9378,0,0,0,0,0,0,0,
83,False,False,False,0,1.6437,13.5398,22.2556,0.5005,0.9931,0,0,0,0,0,0,0,
84,False,False,False,0,1.4403,12.2955,17.7095,0.6841,0.9815,0,0,0,0,0,0,0,
85,False,False,False,0,1.4384,14.2545,20.5043,0.7698,0.9957,0,0,0,0,0,0,0,
86,False,False,False,0.0162,2.1632,15.4683,33.4616,0.3747,0.9803,0,0,0,0,0,0,0,
87,False,False,False,0,6.149,15.3237,94.2248,0.0755,0.993,0.5762,0.8457,0.5468,36.81,0.6778,0.693,0.9444,
88,False,False,False,0,1.4119,13.5617,19.148,0.4997,0.8127,0,0,0,0,0,0,0,
89,False,False,False,0,1.4417,12.4162,17.9001,0.7153,0.9225,0,0,0,0,0,0,0,
90,False,False,False,0,1.387,14.4216,20.0029,0.7451,0.963,0,0,0,0,0,0,0,
91,False,False,False,0,1.9281,19.0069,36.6478,0.1669,0.929,0,0,0,0,0,0,0,
92,False,False,False,0,1.3009,19.7089,25.6394,0.7006,0.9594,0,0,0,0,0,0,0,
93,False,False,False,0,1.3813,18.7189,25.8558,0.6634,0.979,0,0,0,0,0,0,0,
94,False,False,False,0,1.373,18.3344,25.1736,0.6863,0.9591,0,0,0,0,0,0,0,
95,False,False,False,0,1.3032,17.0538,22.2243,0.6262,0.9155,0,0,0,0,0,0,0,
96,False,False,False,0,1.3657,14.927,20.3852,0.6514,0.8589,0,0,0,0,0,0,0,
97,False,False,False,0,1.3294,14.2201,18.904,0.4468,0.7204,0,0,0,0,0,0,0,
98,False,False,False,0,1.3243,12.1776,16.1266,0.4919,0.9106,0,0,0,0,0,0,0,
99,False,False,False,0,1.362,11.3069,15.3997,0.6838,0.8949,0,0,0,0,0,0,0,
100,False,False,False,0,1.5427,11.7358,18.1047,0.6801,0.9614,0,0,0,0,0,0,0,
101,False,False,False,0,1.258,12.3156,15.493,0.6353,0.9522,0,0,0,0,0,0,0,
102,False,False,False,0,1.7208,11.7389,20.2008,0.5224,0.9318,0,0,0,0,0,0,0,
103,False,False,False,0,1.3666,14.6373,20.0026,0.8059,0.966,0,0,0,0,0,0,0,
104,True,True,False,1,8.6716,16.7604,145.34,0.0334,0.9896,0.2218,0,0.6471,42.98,0.6835,0.9348,0.1568,
105,True,True,False,1,9.703,23.2874,225.958,0.1943,0.9464,0.4903,0.9218,0.3322,111.34,0.6861,0.3144,0.1798,
106,False,False,False,0,1.3686,15.7382,21.54,0.6505,0.8555,0,0,0,0,0,0,0,
107,False,False,False,0,1.4425,14.3226,20.6606,0.6979,0.9589,0,0,0,0,0,0,0,
108,False,False,False,0,1.4469,14.2418,20.6062,0.7337,0.9426,0,0,0,0,0,0,0,
109,False,False,False,0,1.329,19.3987,25.7813,0.7629,0.9609,0,0,0,0,0,0,0,
110,False,False,False,0,1.4621,17.7485,25.9499,0.6643,0.9646,0,0,0,0,0,0,0,
111,False,False,False,0,1.4566,16.7397,24.3827,0.6508,0.9683,0,0,0,0,0,0,0,
112,False,False,False,0,1.3946,16.4137,22.8902,0.7937,0.9657,0,0,0,0,0,0,0,
113,False,False,False,0,1.2591,16.6706,20.99,0.6679,0.9535,0,0,0,0,0,0,0,
114,False,False,False,0,1.3817,14.8408,20.5052,0.7267,0.9647,0,0,0,0,0,0,0,
115,False,False,False,0,1.3445,15.0221,20.1966,0.7009,0.9789,0,0,0,0,0,0,0,
116,False,False,False,0,1.2405,14.9592,18.5571,0.7462,0.9504,0,0,0,0,0,0,0,
117,False,False,False,0,1.4529,13.9772,20.3068,0.6738,0.9748,0,0,0,0,0,0,0,
118,False,False,False,0,1.2837,13.9808,17.9476,0.7085,0.9474,0,0,0,0,0,0,0,
119,False,False,False,0,1.3614,13.5443,18.4387,0.6523,0.9649,0,0,0,0,0,0,0,
120,False,False,False,0,1.3646,13.6744,18.6603,0.5985,0.9471,0,0,0,0,0,0,0,
121,False,False,False,0,1.2405,13.6278,16.9054,0.7649,0.9756,0,0,0,0,0,0,0,
122,False,False,False,0,1.7982,13.5752,24.4113,0.3272,0.9051,0,0,0,0,0,0,0,
123,False,False,False,0,2.0557,14.3137,29.4248,0.794,0.9652,0,0,0,0,0,0,0,
124,False,False,False,0,1.3901,18.1846,25.2793,0.7898,0.9689,0,0,0,0,0,0,0,
125,False,False,False,0,1.3295,16.7364,22.2507,0.6971,0.8851,0,0,0,0,0,0,0,
126,False,False,False,0,1.3911,14.7889,20.5734,0.7495,0.9321,0,0,0,0,0,0,0,
127,False,False,False,0,1.3721,18.3042,25.1155,0.8262,0.9696,0,0,0,0,0,0,0,
128,False,False,False,0,1.2906,14.6632,18.9241,0.7985,0.9078,0,0,0,0,0,0,0,
129,False,False,False,0,1.4921,14.577,21.7502,0.6172,0.8485,0,0,0,0,0,0,0,
130,False,False,False,0,1.3635,14.4827,19.7464,0.7046,0.8343,0,0,0,0,0,0,0,
131,False,False,False,0,1.2595,13.617,17.1511,0.3974,0.9857,0,0,0,0,0,0,0,
132,False,False,False,0,1.3578,12.3668,16.791,0.7439,0.9221,0,0,0,0,0,0,0,
133,False,False,False,0,1.3378,12.9875,17.3752,0.747,0.9187,0,0,0,0,0,0,0,
134,False,False,False,0,1.2797,13.3602,17.0974,0.7133,0.8786,0,0,0,0,0,0,0,
135,False,False,False,0,1.3044,13.5042,17.6152,0.6673,0.9655,0,0,0,0,0,0,0,
136,False,False,False,0,1.3888,13.0337,18.1015,0.5913,0.768,0,0,0,0,0,0,0,
137,False,False,False,0,1.3375,13.0772,17.491,0.7428,0.9549,0,0,0,0,0,0,0,
138,False,False,False,0,1.3159,13.3577,17.5769,0.7679,0.9515,0,0,0,0,0,0,0,
139,False,False,False,0,1.3432,13.4109,18.0137,0.7277,0.9872,0,0,0,0,0,0,0,
140,False,False,False,0,1.5903,14.5348,23.1147,0.7278,0.9713,0,0,0,0,0,0,0,
141,False,False,False,0,1.5675,15.899,24.9214,0.5261,0.9001,0,0,0,0,0,0,0,
142,False,False,False,0,1.5847,14.0555,22.2742,0.6684,0.8985,0,0,0,0,0,0,0,
143,False,False,False,0,1.627,14.3454,23.3394,0.6365,0.9353,0,0,0,0,0,0,0,
144,False,False,False,0,1.6634,13.1832,21.9293,0.7093,0.971,0,0,0,0,0,0,0,
145,False,False,False,0,1.4618,16.9167,24.7284,0.7018,0.9572,0,0,0,0,0,0,0,
146,False,False,False,0,1.6954,14.3103,24.2618,0.6547,0.9837,0,0,0,0,0,0,0,
147,False,False,False,0,1.3208,16.8598,22.2678,0.7604,0.9719,0,0,0,0,0,0,0,
148,False,False,False,0,1.3638,16.1456,22.0186,0.718,0.9476,0,0,0,0,0,0,0,
149,False,False,False,0,1.2269,15.0285,18.4382,0.6995,0.9356,0,0,0,0,0,0,0,
150,False,False,False,0,1.3394,13.6275,18.2524,0.7094,0.9807,0,0,0,0,0,0,0,
151,False,False,False,0,1.3139,14.2567,18.7322,0.7404,0.9632,0,0,0,0,0,0,0,
152,False,False,False,0,1.4398,13.9859,20.1367,0.6774,0.945,0,0,0,0,0,0,0,
153,False,False,False,0.001,2.1039,14.8684,31.2812,0.0618,0.9915,0,0,0,0,0,0,0,
154,False,False,False,0,1.4341,13.9647,20.0265,0.6694,0.976,0,0,0,0,0,0,0,
155,False,False,False,0,1.405,14.4694,20.329,0.667,0.9856,0,0,0,0,0,0,0,
156,False,False,False,0,1.4949,14.2861,21.3559,0.742,0.9768,0,0,0,0,0,0,0,
157,False,False,False,0,1.4514,14.5844,21.1681,0.7312,0.9669,0,0,0,0,0,0,0,
158,False,False,False,0,5.1562,15.1166,77.9435,0.089,0.8916,0.7216,0.846,0.6659,39.03,0.7305,0.7195,0.5209,
159,False,False,False,0,2.0741,14.9445,30.9962,0.0387,0.9909,0,0,0,0,0,0,0,
160,False,False,False,0,1.3225,13.9853,18.4954,0.6098,0.907,0,0,0,0,0,0,0,
161,False,False,False,0,1.4794,13.431,19.8698,0.5646,0.8944,0,0,0,0,0,0,0,
162,False,False,False,0,1.7186,11.9439,20.5273,0.6743,0.9253,0,0,0,0,0,0,0,
163,False,False,False,0,1.2892,16.3626,21.0939,0.7489,0.9557,0,0,0,0,0,0,0,
164,False,False,False,0,1.5238,14.2866,21.7699,0.6218,0.9856,0,0,0,0,0,0,0,
165,False,False,False,0,1.3726,14.7052,20.1848,0.7377,0.9605,0,0,0,0,0,0,0,
166,False,False,False,0,1.3042,14.6107,19.0559,0.7856,0.986,0,0,0,0,0,0,0,
167,False,False,False,0,1.3177,14.4447,19.0342,0.6275,0.9492,0,0,0,0,0,0,0,
168,False,False,False,0,1.5589,13.5354,21.0996,0.6046,0.9417,0,0,0,0,0,0,0,
169,False,False,False,0,1.5677,15.1843,23.8039,0.658,0.958,0,0,0,0,0,0,0,
170,False,False,False,0,1.4798,16.1108,23.8415,0.6986,0.9751,0,0,0,0,0,0,0,
171,False,False,False,0,1.5342,16.5466,25.3851,0.662,0.992,0,0,0,0,0,0,0,
172,False,False,False,0,1.5303,17.4922,26.7682,0.578,0.9687,0,0,0,0,0,0,0,
173,False,False,False,0,1.7181,16.6936,28.6812,0.6835,0.9628,0,0,0,0,0,0,0,
174,False,False,False,0,1.5953,17.7452,28.3091,0.6337,0.9746,0,0,0,0,0,0,0,
175,False,False,False,0,1.5121,17.8835,27.0424,0.6559,0.9127,0,0,0,0,0,0,0,
176,False,False,False,0,1.638,17.7223,29.0285,0.7685,0.9453,0,0,0,0,0,0,0,
177,False,False,False,0,1.7324,17.8813,30.9769,0.5294,0.9597,0,0,0,0,0,0,0,
178,False,False,False,0,1.6581,14.6992,24.3734,0.5252,0.9702,0,0,0,0,0,0,0,
179,False,False,False,0,1.3266,14.1311,18.7458,0.767,0.9387,0,0,0,0,0,0,0,
180,False,False,False,0,1.2936,13.8848,17.9615,0.8017,0.9148,0,0,0,0,0,0,0,
181,False,False,False,0,1.3804,15.204,20.9881,0.5026,0.9562,0,0,0,0,0,0,0,
182,False,False,False,0,1.2952,13.0533,16.9061,0.6515,0.976,0,0,0,0,0,0,0,
183,False,False,False,0,1.6872,12.7231,21.4661,0.4062,0.8998,0,0,0,0,0,0,0,
184,False,False,False,0,1.7548,13.2731,23.2919,0.6929,0.9901,0,0,0,0,0,0,0,
185,False,False,False,0,1.5236,14.8548,22.6323,0.7337,0.9462,0,0,0,0,0,0,0,
186,False,False,False,0,1.5755,14.9848,23.6084,0.7481,0.9666,0,0,0,0,0,0,0,
187,False,False,False,0,1.4677,16.7839,24.633,0.7414,0.9672,0,0,0,0,0,0,0,
188,False,False,False,0,1.5132,17.6303,26.6779,0.6528,0.8908,0,0,0,0,0,0,0,
189,False,False,False,0,1.4127,17.7704,25.105,0.7563,0.9683,0,0,0,0,0,0,0,
190,False,False,False,0,1.4162,18.0519,25.5645,0.7513,0.9797,0,0,0,0,0,0,0,
191,False,False,False,0,1.3256,19.2144,25.4698,0.7362,0.9802,0,0,0,0,0,0,0,
192,False,False,False,0,1.3186,19.1797,25.2903,0.753,0.9793,0,0,0,0,0,0,0,
193,False,False,False,0,1.3073,19.2128,25.1166,0.7906,0.9793,0,0,0,0,0,0,0,
194,False,False,False,0,1.3806,19.1501,26.4386,0.738,0.9832,0,0,0,0,0,0,0,
195,False,False,False,0,1.6714,19.8661,33.2045,0.6406,0.973,0,0,0,0,0,0,0,
196,False,False,False,0,1.4428,23.5043,33.9126,0.6784,0.9751,0,0,0,0,0,0,0,
197,False,False,False,0,1.7391,16.7587,29.1453,0.7484,0.9828,0,0,0,0,0,0,0,
198,False,False,False,0,1.6271,14.8964,24.2374,0.6951,0.9438,0,0,0,0,0,0,0,
199,False,False,False,0,1.3371,15.4333,20.6357,0.5859,0.8256,0,0,0,0,0,0,0,
200,False,False,False,0,1.4654,14.5116,21.2647,0.7192,0.9743,0,0,0,0,0,0,0,
201,False,False,False,0,1.5317,16.4746,25.2342,0.6936,0.9755,0,0,0,0,0,0,0,
202,False,False,False,0.1901,2.8415,18.7742,53.347,0.0537,0.9918,0,0,0,1.13,0.8574,0.3488,0.22,
203,False,False,False,0,1.3607,18.22,24.7919,0.7584,0.9714,0,0,0,0,0,0,0,
204,False,False,False,0,1.4417,17.9952,25.9443,0.6813,0.9742,0,0,0,0,0,0,0,
205,False,False,False,0,1.4186,18.7768,26.6376,0.789,0.9843,0,0,0,0,0,0,0,
206,False,False,False,0,1.5218,19.6045,29.8333,0.709,0.9848,0,0,0,0,0,0,0,
207,False,False,False,0,1.463,20.8732,30.5368,0.7485,0.9897,0,0,0,0,0,0,0,
208,False,False,False,0,1.3644,20.9967,28.6474,0.7226,0.9772,0,0,0,0,0,0,0,
209,False,False,False,0,1.3641,20.357,27.7694,0.7205,0.9634,0,0,0,0,0,0,0,
210,False,False,False,0,1.4929,19.3964,28.9573,0.7222,0.9687,0,0,0,0,0,0,0,
211,False,False,False,0,1.4315,19.7684,28.2986,0.7759,0.9374,0,0,0,0,0,0,0,
212,False,False,False,0,1.4896,20.5042,30.5432,0.7256,0.958,0,0,0,0,0,0,0,
213,False,False,False,0,1.3727,21.4103,29.3904,0.733,0.9548,0,0,0,0,0,0,0,
214,False,False,False,0,1.7879,22.8257,40.8106,0.6039,0.9721,0,0,0,0,0,0,0,
215,False,False,False,0,1.4567,28.178,41.0457,0.7181,0.9466,0,0,0,0,0,0,0,
216,False,False,False,0,1.5269,22.1986,33.8949,0.69,0.9513,0,0,0,0,0,0,0,
217,False,False,False,0,1.4696,17.1552,25.2118,0.7282,0.9696,0,0,0,0,0,0,0,
218,False,False,False,0,1.3477,17.9437,24.1834,0.8236,0.9605,0,0,0,0,0,0,0,
219,False,False,False,0,1.4479,18.2417,26.4115,0.7155,0.9801,0,0,0,0,0,0,0,
220,False,False,False,0,1.3445,18.7808,25.2505,0.7617,0.9853,0,0,0,0,0,0,0,
221,False,False,False,0,1.3282,19.3254,25.6676,0.7238,0.9843,0,0,0,0,0,0,0,
222,False,False,False,0,1.2978,19.2238,24.9487,0.753,0.9854,0,0,0,0,0,0,0,
223,False,False,False,0,1.3081,19.6653,25.7236,0.7713,0.9532,0,0,0,0,0,0,0,
224,False,False,False,0,1.361,20.225,27.5266,0.7647,0.9953,0,0,0,0,0,0,0,
225,False,False,False,0,1.3785,21.4259,29.5356,0.7397,0.9738,0,0,0,0,0,0,0,
226,False,False,False,0,1.3374,21.7245,29.0539,0.7863,0.9453,0,0,0,0,0,0,0,
227,False,False,False,0,1.3124,21.5722,28.3117,0.7317,0.978,0,0,0,0,0,0,0,
228,False,False,False,0,1.6127,20.6685,33.3318,0.532,0.972,0,0,0,0,0,0,0,
229,False,False,False,0,1.4911,21.2701,31.7156,0.703,0.916,0,0,0,0,0,0,0,
230,False,False,False,0,1.3626,19.7465,26.9068,0.7382,0.9783,0,0,0,0,0,0,0,
231,False,False,False,0,1.4215,22.2138,31.5764,0.7386,0.9632,0,0,0,0,0,0,0,
232,False,False,False,0,1.457,22.1996,32.3459,0.7621,0.9799,0,0,0,0,0,0,0,
233,False,False,False,0,1.8769,25.466,47.7959,0.6652,0.9907,0,0,0,0,0,0,0,
234,False,False,False,0,1.3731,29.0085,39.8315,0.7245,0.9622,0,0,0,0,0,0,0,
235,False,False,False,0,1.3928,18.7523,26.1185,0.7413,0.9782,0,0,0,0,0,0,0,
236,False,False,False,0,1.5528,19.6598,30.528,0.5176,0.8907,0,0,0,0,0,0,0,
237,False,False,False,0,1.449,19.0351,27.5813,0.6907,0.9657,0,0,0,0,0,0,0,
238,False,False,False,0,1.3597,19.4298,26.4178,0.797,0.9806,0,0,0,0,0,0,0,
239,False,False,False,0,1.2972,19.8527,25.7532,0.7625,0.9625,0,0,0,0,0,0,0,
240,False,False,False,0,1.3897,18.7885,26.1102,0.7446,0.984,0,0,0,0,0,0,0,
241,False,False,False,0,1.3356,20.0416,26.7673,0.7725,0.9854,0,0,0,0,0,0,0,
242,False,False,False,0,1.3175,20.1279,26.5176,0.7821,0.9919,0,0,0,0,0,0,0,
243,False,False,False,0,1.3252,21.0567,27.9036,0.769,0.9883,0,0,0,0,0,0,0,
244,False,False,False,0,1.4503,20.7521,30.0959,0.7273,0.9804,0,0,0,0,0,0,0,
245,False,False,False,0,1.3368,21.4901,28.7283,0.791,0.9885,0,0,0,0,0,0,0,
246,False,False,False,0,1.3406,21.5643,28.9101,0.7635,0.9723,0,0,0,0,0,0,0,
247,False,False,False,0,1.3562,20.9041,28.3509,0.7351,0.9538,0,0,0,0,0,0,0,
248,False,False,False,0,1.4006,19.4173,27.196,0.7121,0.984,0,0,0,0,0,0,0,
249,False,False,False,0,1.5166,19.5644,29.6706,0.6917,0.9785,0,0,0,0,0,0,0,
250,False,False,False,0,1.3526,21.4842,29.0592,0.7858,0.9876,0,0,0,0,0,0,0,
251,False,False,False,0,1.4756,22.668,33.4478,0.7073,0.9737,0,0,0,0,0,0,0,
252,False,False,False,0,1.6844,25.1944,42.4377,0.6581,0.9701,0,0,0,0,0,0,0,
253,False,False,False,0,1.3807,18.8471,26.0229,0.7648,0.9951,0,0,0,0,0,0,0,
254,False,False,False,0,1.3628,19.5868,26.6939,0.7612,0.9871,0,0,0,0,0,0,0,
255,False,False,False,0.0119,2.1463,19.6947,42.2716,0.2164,0.9031,0,0,0,0,0,0,0,
256,False,False,False,0,1.4386,20.0337,28.8213,0.7769,0.9737,0,0,0,0,0,0,0,
257,False,False,False,0,1.3378,20.307,27.1677,0.7877,0.9424,0,0,0,0,0,0,0,
258,False,False,False,0,1.5274,18.9807,28.9905,0.6666,0.9891,0,0,0,0,0,0,0,
259,False,False,False,0,1.3609,20.241,27.5456,0.7563,0.9774,0,0,0,0,0,0,0,
260,False,False,False,0,1.5904,19.9375,31.7078,0.5858,0.9008,0,0,0,0,0,0,0,
261,False,False,False,0,1.4021,20.3808,28.5762,0.7154,0.9209,0,0,0,0,0,0,0,
262,False,False,False,0,1.5051,20.3256,30.5927,0.6883,0.969,0,0,0,0,0,0,0,
263,False,False,False,0,1.3179,21.8235,28.7616,0.7879,0.9799,0,0,0,0,0,0,0,
264,False,False,False,0,1.2868,22.2105,28.5803,0.723,0.9715,0,0,0,0,0,0,0,
265,False,False,False,0,1.3436,21.3126,28.6359,0.6153,0.9559,0,0,0,0,0,0,0,
266,False,False,False,0,1.4836,19.7027,29.2309,0.6897,0.9534,0,0,0,0,0,0,0,
267,False,False,False,0,1.4323,20.5075,29.3732,0.7049,0.9465,0,0,0,0,0,0,0,
268,False,False,False,0,1.4256,21.852,31.1514,0.6802,0.9707,0,0,0,0,0,0,0,
269,False,False,False,0,1.355,22.8196,30.9203,0.7561,0.9848,0,0,0,0,0,0,0,
270,False,False,False,0,1.3668,23.207,31.719,0.7518,0.9738,0,0,0,0,0,0,0,
271,False,False,False,0,1.4081,19.0423,26.813,0.7715,0.9768,0,0,0,0,0,0,0,
272,True,True,False,0.3472,3.4542,20.0904,69.3957,0.3493,0.9949,0.3092,0,0.4752,79.16,0.7378,0.8697,0.4506,
273,True,True,False,1,7.6683,32.5774,249.812,0.4548,0.9957,0.1772,0,0.635,163.61,0.7111,0.2812,0.5686,
274,False,False,False,0,1.3839,21.6979,30.0268,0.7292,0.9164,0,0,0,0,0,0,0,
275,False,False,False,0,1.2914,21.8549,28.223,0.7364,0.9579,0,0,0,0,0,0,0,
276,False,False,False,0,1.4137,20.3524,28.7714,0.6849,0.907,0,0,0,0,0,0,0,
277,False,False,False,0,1.4053,20.5674,28.9043,0.7324,0.93,0,0,0,0,0,0,0,
278,False,False,False,0,1.464,21.0788,30.8595,0.6658,0.9554,0,0,0,0,0,0,0,
279,False,False,False,0,1.4177,21.47,30.4389,0.7658,0.9518,0,0,0,0,0,0,0,
280,False,False,False,0,1.3299,21.3203,28.354,0.7317,0.964,0,0,0,0,0,0,0,
281,False,False,False,0,1.341,21.7103,29.1126,0.7239,0.9584,0,0,0,0,0,0,0,
282,False,False,False,0,1.3903,21.7562,30.2483,0.7212,0.9598,0,0,0,0,0,0,0,
283,False,False,False,0,1.4394,21.1684,30.4688,0.741,0.9633,0,0,0,0,0,0,0,
284,False,False,False,0,1.3923,21.9891,30.6159,0.7138,0.9543,0,0,0,0,0,0,0,
285,False,False,False,0,1.4508,22.153,32.139,0.7548,0.983,0,0,0,0,0,0,0,
286,False,False,False,0,1.4251,23.0542,32.8552,0.6962,0.9682,0,0,0,0,0,0,0,
287,False,False,False,0,1.3697,23.4536,32.1233,0.7222,0.9709,0,0,0,0,0,0,0,
288,False,False,False,0,1.4394,23.0718,33.2093,0.7069,0.975,0,0,0,0,0,0,0,
289,False,False,False,0,1.309,19.3926,25.3843,0.7289,0.9896,0,0,0,0,0,0,0,
290,False,False,False,0,1.4352,18.7636,26.9296,0.7288,0.9904,0,0,0,0,0,0,0,
291,True,True,False,0.5188,4.1233,21.6539,89.286,0.1325,0.9932,0.2401,0,0.4519,64.27,0.5989,0.2391,0.0829,
292,False,False,False,0,1.5476,21.2358,32.8653,0.7064,0.9168,0,0,0,0,0,0,0,
293,False,False,False,0,1.2922,21.5758,27.8806,0.7745,0.9851,0,0,0,0,0,0,0,
294,False,False,False,0,1.3255,20.6315,27.3475,0.7941,0.9648,0,0,0,0,0,0,0,
295,False,False,False,0,1.4243,21.3096,30.3512,0.7301,0.9865,0,0,0,0,0,0,0,
296,False,False,False,0,1.3385,21.5113,28.7928,0.7641,0.9859,0,0,0,0,0,0,0,
297,False,False,False,0,1.8264,21.94,40.0712,0.1703,0.676,0,0,0,0,0,0,0,
298,False,False,False,0,1.3492,21.2561,28.6778,0.7661,0.9964,0,0,0,0,0,0,0,
299,False,False,False,0,1.3762,21.5321,29.6323,0.7371,0.9705,0,0,0,0,0,0,0,
300,False,False,False,0,1.3338,21.5649,28.7623,0.7883,0.9877,0,0,0,0,0,0,0,
301,False,False,False,0,1.3269,21.7344,28.8402,0.7521,0.9772,0,0,0,0,0,0,0,
302,False,False,False,0,1.4571,21.2145,30.9118,0.6966,0.9481,0,0,0,0,0,0,0,
303,False,False,False,0,1.3895,22.01,30.5828,0.7463,0.9756,0,0,0,0,0,0,0,
304,False,False,False,0,1.3306,22.5987,30.0694,0.7521,0.9931,0,0,0,0,0,0,0,
305,False,False,False,0,1.3026,23.2333,30.2639,0.7169,0.9646,0,0,0,0,0,0,0,
306,False,False,False,0,1.3895,22.3098,30.9988,0.7325,0.9763,0,0,0,0,0,0,0,
307,False,False,False,0,1.4022,18.5242,25.9747,0.7489,0.9747,0,0,0,0,0,0,0,
308,False,False,False,0,1.3774,19.1032,26.3134,0.7293,0.9628,0,0,0,0,0,0,0,
309,False,False,False,0,1.3793,19.7433,27.2311,0.7607,0.9762,0,0,0,0,0,0,0,
310,False,False,False,0,1.3854,20.7455,28.7409,0.7639,0.9868,0,0,0,0,0,0,0,
311,False,False,False,0,1.5799,22.0083,34.7713,0.6279,0.9725,0,0,0,0,0,0,0,
312,False,False,False,0,1.3469,21.8478,29.4261,0.7545,0.9146,0,0,0,0,0,0,0,
313,False,False,False,0,1.3071,21.8758,28.5931,0.7997,0.9954,0,0,0,0,0,0,0,
314,False,False,False,0,1.3505,21.8544,29.5139,0.7472,0.9898,0,0,0,0,0,0,0,
315,False,False,False,0,1.299,22.5718,29.3213,0.7648,0.981,0,0,0,0,0,0,0,
316,False,False,False,0,1.4134,21.7248,30.7065,0.7299,0.9778,0,0,0,0,0,0,0,
317,False,False,False,0,1.3332,22.4257,29.8969,0.7605,0.9815,0,0,0,0,0,0,0,
318,False,False,False,0,1.2749,22.4571,28.6309,0.7869,0.9894,0,0,0,0,0,0,0,
319,False,False,False,0,1.3925,21.7704,30.3155,0.7497,0.9642,0,0,0,0,0,0,0,
320,False,False,False,0,1.3624,22.014,29.9909,0.7505,0.9855,0,0,0,0,0,0,0,
321,False,False,False,0.0178,2.1694,21.9644,47.6487,0.1298,0.9806,0,0,0,0,0,0,0,
322,False,False,False,0,1.3584,23.5053,31.9289,0.7892,0.9862,0,0,0,0,0,0,0,
323,False,False,False,0,1.3419,23.2539,31.2042,0.7868,0.983,0,0,0,0,0,0,0,
324,False,False,False,0,1.3781,23.3914,32.2354,0.7229,0.9798,0,0,0,0,0,0,0,
